customer_msg,agent_msg
아니 가이드가 한국말을 너무 못해서 뭔소린지 하나도 모르겠어 바꿔줘요,"지금 손님들이 현지 가이드분 한국어 소통 문제로 컴플레인이 좀 있으시네요 ㅠㅠ 혹시 내일 일정부터는 한국어 능통하신 분으로 교체 가능할까요? 부탁드립니다."
우리 애가 갑자기 열이 펄펄 끓어서 내일 호핑투어는 못갈거같은데 환불 되나요?,"내일 호핑투어 예약된 김철수님 팀 아동이 갑자기 고열이라 투어 참여가 어렵다고 하십니다. 긴급 취소 건인데 혹시 환불 규정 어떻게 적용될지 확인해주실 수 있을까요?"
마지막날 공항 가기전에 쇼핑센터 들렀다 가도 되죠?,"손님들이 귀국일 공항 가기 전에 쇼핑센터 잠깐 들르고 싶어 하시는데 동선이랑 시간 괜찮을까요? 확인 부탁드려요~"
비행기표 아직 멀었나요? 여권 보낸지가 언젠데,"아까 보내드린 여권으로 항공권 발권 진행 중이실까요? 손님이 기다리고 계셔서 E-티켓 나오는 대로 바로 전달 좀 부탁드릴게요!"
다낭 픽업 차량 기사님 팁은 얼마나 줘야 하나요?,손님들이 공항 픽업 기사님 팁을 따로 챙겨드려야 하는지 물어보시네요. 보통 얼마 정도 안내하면 될까요?
호텔 조식 포함인가요? 애들은 공짜죠?,"이번에 예약한 리조트 조식 포함 여부랑 아동 조식 비용 규정 다시 한번만 확인 부탁드릴게요. 손님이 무료인지 궁금해하셔서요."
골프장 카트비랑 캐디피는 가서 내면 되나요? 달러로 받나요?,"골프장 카트비랑 캐디피 현장 지불 맞죠? 손님들이 달러로 준비해가야 하는지 현지 화폐로 해야 하는지 물어보시는데 확인 좀 부탁드려요."
방금 공항 도착했는데 가이드가 안보여요 어디있는거에요,"지금 손님들 공항 도착하셨다는데 미팅 보드 든 가이드분을 못 찾고 계신대요. 가이드분 위치 확인해서 손님께 바로 연락 좀 부탁드릴게요!"
내일 마사지 예약 시간을 좀 늦출 수 있을까요? 저녁 먹고 천천히 가고 싶은데,"내일 마사지 예약 시간을 저녁 식사 후로 변경 원하시는데 8시쯤으로 조정 가능할까요? 샵 스케줄 확인 부탁드립니다."
여기 호텔 수영장 물이 너무 더러워요 애들 놀게 못되는데 방 바꿔주던지 환불해줘요,"지금 투숙 중인 호텔 수영장 수질 문제로 손님 컴플레인이 심각합니다. 룸 변경이나 다른 조치가 가능할지 호텔 측에 강력하게 클레임 좀 넣어주세요."
가이드 팁은 하루에 얼마씩 주면 되나요? 의무인가요?,"가이드 경비 외에 매너 팁 관련해서 손님 문의가 있으신데, 보통 하루에 얼마 정도 권장하면 될까요? 의무 사항인지도 같이 확인 부탁드려요."
패키지 일정이 너무 빡빡해서 힘드네요 내일 오전 일정은 좀 빼주세요,"손님들이 일정이 너무 타이트하다고 힘들어하시네요 ㅠㅠ 내일 오전 일정은 스킵하고 호텔에서 좀 쉬시게 조정 가능할까요?"
현지에서 유심칩 살 수 있는데 알려주세요 로밍을 안해와서,"손님들이 로밍을 안 해오셔서 현지 유심 구매처를 찾으시네요. 가이드분 통해서 구매 도와드릴 수 있을까요?"
식당 밥이 입에 너무 안맞아요 향신료 냄새 때문에 못먹겠는데 한식으로 바꿔줘요,"손님들이 현지식 향신료 때문에 식사를 거의 못 하셨다고 하네요 ㅠㅠ 내일 점심은 혹시 한식당으로 변경 가능할까요?"
옵션 투어 강요 안한다고 했는데 가이드가 자꾸 눈치주네요 기분 나빠서 여행 못하겠어요,"가이드분이 옵션 투어 권유를 좀 강하게 하셨나 봐요. 손님들이 불편해하시는데 가이드분께 살짝 언질 좀 부탁드려요. 강요 느낌 안 들게 신경 써달라고요 ㅠㅠ"
호텔 방에서 바다가 하나도 안보여요 오션뷰로 예약한거 아니에요?,"손님들이 배정받은 객실이 오션뷰가 아니라고 하시네요. 예약 시 오션뷰로 요청드렸던 건인데 혹시 룸 변경 가능할지 호텔 프론트랑 확인 좀 부탁드릴게요."
내일 골프 티업 시간 7시 너무 빨라요 9시쯤으로 안될까요?,"내일 골프 티업 시간이 7시라 손님들이 너무 이르다고 하시네요. 혹시 9시 전후로 시간 변경 가능할지 골프장 체크 한번 부탁드립니다."
쇼핑센터 방문 횟수 좀 줄여주세요 살것도 없는데 시간 아까워요,"손님들이 쇼핑센터 방문 횟수 때문에 불만이 좀 있으세요. 남은 일정에서 쇼핑 1회 정도는 줄이거나 시간 단축 가능할까요?"
귀국편 비행기 좌석 붙여서 갈 수 있게 해주세요,"귀국편 항공 좌석 사전 지정 가능한가요? 일행분들 떨어지지 않게 붙여서 배정되도록 신경 좀 써주세요~"
호텔에 엑스트라 베드 추가해달라고 했는데 아직도 안왔어요,"체크인하신 지 좀 됐는데 요청한 엑스트라 베드가 아직 세팅 안 됐다고 하시네요. 호텔 측에 다시 한번 푸시 부탁드려요!"
저녁에 자유시간 때 갈만한 맛집 추천 좀 해주세요,"오늘 저녁 자유 일정 때 손님들이 가실 만한 현지 맛집 추천 좀 부탁드려요~ 가이드분 통해서 리스트 좀 전달해주시면 감사하겠습니다!"
비가 너무 많이 오는데 오늘 일정 그대로 진행하나요?,"현지 비가 많이 온다는데 오늘 투어 일정 그대로 진행되나요? 혹시 우천 시 대체 일정이나 취소 규정 어떻게 되는지 확인 부탁드려요."
가이드가 약속 시간에 30분이나 늦었어요 사과도 없고 뭐 이런 경우가 다 있어요?,"오늘 아침 미팅 시간에 가이드분이 30분 지각하셨다네요. 손님들이 많이 화나셨는데 가이드분께 정중히 사과드리라고 꼭 좀 전해주세요."
방콕 호텔 보증금은 카드로 결제했다가 취소하면 언제 들어오나요?,"호텔 디파짓 카드 결제 취소 관련해서 손님 문의가 있으신데, 보통 환불까지 기간이 얼마나 걸리는지 안내 좀 부탁드릴게요."
3일차 일정에 있는 사원 방문 빼고 마사지나 한번 더 받고 싶은데,"3일차 사원 관광 대신 마사지 1회 추가하는 걸로 일정 변경 가능할까요? 추가 비용 발생하면 얼마나 되는지도 알려주세요."
싱글룸 쓴다고 돈 더 냈는데 방이 왜 이렇게 좁아요?,"싱글차지 지불하신 손님이 방 크기에 불만이 있으시네요 ㅠㅠ 혹시 룸 업그레이드나 좀 더 넓은 방으로 교체 가능할지 확인 부탁드립니다."
공항 샌딩 시간 좀 늦춰주세요 면세점 구경 좀 더 하게요,"귀국일 공항 샌딩 시간을 1시간 정도 늦출 수 있을까요? 손님들이 시내 면세점 쇼핑을 좀 더 하고 싶어 하셔서요."
골프채 렌탈 비용이 너무 비싼거 아니에요? 좀 깎아줘요,"현지 골프채 렌탈 비용이 생각보다 비싸다고 하시네요. 단체 손님이니 조금 네고 가능할지 렌탈샵이랑 조율 한번 부탁드려요~"
저희 팀 10명인데 저녁에 다같이 술 한잔 할 수 있는 룸 있는 식당 예약해주세요,"10분 단체 손님 저녁 회식 장소 섭외 부탁드려요. 룸 있고 우리끼리 편하게 술 마실 수 있는 곳으로 예약 좀 해주세요!"
가이드 연락처 좀 알려주세요 급한데 연락이 안돼요,"손님이 가이드분과 연락이 안 된다고 하시네요. 비상 연락망이나 가이드분 현지 번호 다시 한번 확인해서 알려주세요."
호텔 조식 메뉴가 매일 똑같아서 지겨워요,"3일 내내 조식 메뉴가 똑같다고 손님들이 좀 질려하시네요 ^^; 혹시 내일 아침은 외부 식당이나 다른 메뉴로 대체 가능할지 확인 부탁드려요."
선택관광 안하면 차에만 있어야 하나요?,"선택관광 미참여 시 대기 장소가 차 안인지, 아니면 카페나 쉴 곳이 있는지 손님들이 궁금해하십니다. 정확한 대기 장소 안내 부탁드려요."
여행자 보험 증서 영문으로 보내줄 수 있나요? 현지 병원 가려구요,"손님이 현지 병원 가신다고 여행자 보험 영문 가입 증명서 요청하셨어요. 보험사 확인해서 파일 좀 보내주실 수 있을까요?"
오늘 묵는 풀빌라 온수풀 추가 비용 있나요?,"오늘 투숙하는 풀빌라 온수풀 사용료 별도인가요? 손님이 물어보시는데 포함인지 불포함인지 확인 부탁드려요."
가이드가 사진을 너무 못 찍어줘요 남는 건 사진뿐인데,"가이드분이 사진을 너무 대충 찍어주신다고 손님들이 서운해하시네요 ㅎㅎ; 다음 관광지부터는 인증샷 좀 신경 써서 찍어달라고 부탁 좀 드려요~"
버스 에어컨이 너무 약해서 쪄죽겠어요 차 좀 바꿔주세요,"이동 차량 에어컨이 너무 약해서 손님들이 덥다고 난리시네요 ㅠㅠ 차량 점검이나 교체 가능한지 긴급 확인 부탁드립니다!"
망고랑 망고스틴 좀 많이 사다주세요 돈은 드릴게,"손님들이 망고랑 망고스틴 구매를 원하시는데 가이드분 통해서 시장 들르거나 대리 구매 가능할까요? 비용은 지불하신다고 합니다."
마지막 날 체크아웃 하고 짐 보관할 데 있나요?,"마지막 날 체크아웃 후에 공항 가기 전까지 캐리어 보관할 곳이 마땅치 않다고 하시네요. 차량에 보관 가능한지 아니면 호텔에 맡겨야 하는지 확인 부탁드려요."
현지 가이드 팁 달러로 줬는데 거스름돈을 안줘요,"손님이 가이드 팁을 큰 단위 달러로 주셨는데 잔돈을 못 받으셨대요. 가이드분께 확인해서 잔돈 챙겨드리라고 전해주세요~"
일정에 있는 쇼핑센터에서 산 라텍스 베개 환불하고 싶어요,"어제 쇼핑센터에서 구매하신 라텍스 제품 환불 원하시는데 규정이 어떻게 되나요? 아직 개봉 안 하셨다고 합니다."
저녁에 야시장 투어 가고 싶은데 위험하진 않나요?,"손님들이 개별적으로 야시장 구경 가고 싶어 하시는데 치안 괜찮을까요? 가이드분이 동행해주실 수 있는지 아니면 주의사항 안내해주실 수 있는지 확인 부탁드려요."
호텔 와이파이가 너무 느려서 답답해요,"객실 와이파이 속도가 너무 느려서 업무를 못 보신다고 하시네요. 호텔 측에 공유기 점검이나 조치 좀 요청해주세요."
골프 치는데 앞팀이 너무 밀려서 짜증나요 진행 좀 빨리 하게 해줘요,"골프장 진행이 너무 밀린다고 손님들이 컴플레인 중이세요. 마샬 불러서 앞팀 진행 좀 빨리 빼달라고 요청 부탁드립니다."
가이드가 너무 말이 많아서 시끄러워요 조용히 좀 가고 싶어요,"가이드분이 설명해주시는 건 좋은데 너무 쉴 새 없이 말씀하셔서 손님들이 좀 피곤해하시네요 ^^; 이동 중에는 휴식 시간 좀 드리라고 살짝 말씀 부탁드려요."
내일 아침 픽업 시간 10분만 늦춰주세요 짐 쌀 시간이 부족해요,"내일 체크아웃 준비 때문에 로비 미팅 시간 10분만 늦출 수 있을까요? 기사님과 가이드분께 양해 좀 부탁드립니다."
비행기 지연돼서 늦게 도착하는데 픽업 기사 기다려주나요?,"항공편 지연으로 도착 시간이 1시간 정도 늦어질 것 같습니다. 픽업 기사님 철수하지 말고 기다려주시라고 꼭 좀 전달해주세요!"
호텔 냉장고가 안 시원해요 맥주가 미지근해요,"객실 냉장고 성능이 안 좋아서 음료가 안 시원하대요. 냉장고 교체나 수리 가능한지 프론트에 얘기 좀 해주세요."
일정에 포함된 마사지 팁은 얼마 줘야 적당해요?,"패키지 포함 마사지 받고 나서 테라피스트 팁은 얼마 정도가 적당한가요? 손님들께 가이드라인 안내 좀 부탁드려요."
가이드가 추천해준 식당 너무 비싸고 맛없어요 바가지 쓴 거 같아요,"가이드 추천 식당 가격 대비 퀄리티가 너무 떨어진다고 손님들이 불만이세요. 다음 식사는 좀 더 검증된 곳으로 안내 부탁드립니다."
여권 잃어버린 거 같아요 호텔에 두고 왔나 확인 좀 해주세요,"긴급입니다! 손님이 여권을 분실하신 것 같다고 하시는데 아까 체크아웃한 호텔 객실에 있는지 확인 좀 부탁드릴게요. 금고 안에 두셨을 수도 있다고 합니다."
비가 너무 많이 와서 골프 못 칠 거 같은데 취소하면 환불 되나요?,"현지 기상 악화로 골프 라운딩이 어려울 것 같다고 손님 문의가 오네요. 우천 취소 시 환불 규정이 어떻게 되는지 골프장 측 확인 부탁드립니다."
항공권 이티켓에 제 이름 철자가 틀렸어요 여권이랑 다른데 어떡하죠?,"발권된 항공권 영문명에 오타가 있다고 하네요. 여권이랑 스펠링이 달라서 수정해야 할 것 같은데 긴급 변경 가능할까요?"
호텔 갔더니 방이 꽉 찼다고 다른 호텔로 가라는데 이게 무슨 일이에요?,"지금 손님들이 호텔 도착하셨는데 오버부킹으로 입실이 안 된다고 하십니다. 대체 호텔 등급이랑 이동편 어떻게 되는지 빨리 확인해서 조치 좀 부탁드려요!"
골프백이 아직 안 나왔어요 비행기에서 안 실린 거 같아요,"공항 도착했는데 손님 골프백이 수하물에서 안 나왔다고 하네요. 분실 신고 절차랑 렌탈 클럽 지원 가능한지 확인 부탁드립니다."
가이드가 쇼핑 강요해서 안 산다고 했더니 화냈어요,"쇼핑센터에서 물건 안 산다고 했더니 가이드분이 불쾌한 티를 냈다고 손님이 화가 많이 나셨어요. 가이드분께 주의 좀 주셔야 할 것 같습니다."
호텔 조식 먹다가 음식에서 벌레 나왔어요,"호텔 조식 뷔페 음식에서 이물질이 나왔다고 컴플레인이 들어왔습니다. 호텔 측 사과랑 보상 방안 확인 좀 부탁드려요."
일행 중 한 명이 다리를 다쳤는데 휠체어 대여할 수 있나요?,"손님 한 분이 발목을 다치셔서 거동이 불편하신데 현지에서 휠체어 대여 가능한 곳 있을까요? 일정 소화 가능한지도 같이 봐주세요."
현지 유심 꼈는데 데이터가 안 터져요 불량인 거 같은데,"가이드분 통해 구매한 유심이 작동을 안 한다고 하네요. 교환이나 환불 가능한지 확인해서 손님께 안내 부탁드려요."
마사지 받다가 너무 아파서 살살 해달라고 했는데 못 알아들어요,"마사지사가 의사소통이 안 돼서 손님이 불편해하셨다네요. 다음 마사지 샵은 한국어 가능한 매니저 있는 곳이나 소통 잘 되는 곳으로 배정 부탁드려요."
저녁 식사 메뉴에 알러지 있는 음식이 나왔어요 미리 말했는데,"식사 메뉴에 손님 알러지 유발 재료가 포함돼서 컴플레인이 있습니다. 사전 고지드렸던 부분인데 식당 측에 강력하게 항의 부탁드립니다."
호텔 수영장 공사 중이라 이용 못한다는데 미리 말 안해줬잖아요,"호텔 수영장이 보수 공사 중이라 이용 불가라고 하네요. 사전에 공지 못 받은 부분이라 손님들이 대체 서비스나 보상을 원하시는데 확인 부탁드려요."
가이드가 팁 달라고 너무 노골적으로 요구해요,"가이드분이 팁 요구를 너무 부담스럽게 하신다고 손님들이 기분 나빠하세요. 팁은 자율적으로 하도록 교육 좀 다시 부탁드립니다."
골프장 잔디 상태가 너무 엉망이에요 돈 아까워요,"골프장 페어웨이랑 그린 관리가 너무 안 되어 있다고 손님들이 실망이 크십니다. 남은 라운딩은 좀 더 상태 좋은 코스로 변경 가능할까요?"
호텔 방 에어컨에서 냄새가 너무 심하게 나요,"객실 에어컨에서 곰팡이 냄새가 심해서 머리가 아프다고 하시네요. 룸 체인지나 필터 청소 긴급 요청 부탁드립니다."
패키지 포함된 과일 바구니가 왜 안 와요?,"일정표에 포함된 웰컴 과일 바구니가 객실에 없다고 하네요. 호텔 측에 확인해서 바로 넣어달라고 요청해주세요."
가이드가 운전하면서 계속 핸드폰 봐요 불안해 죽겠어요,"가이드분이 운전 중에 휴대폰을 계속 사용하셔서 손님들이 불안해하십니다. 안전 운전 하시라고 꼭 좀 주의 부탁드려요!"
식당 위생 상태가 너무 더러워요 파리 날아다니고,"오늘 점심 식당 위생이 너무 안 좋았다고 하시네요. 파리도 많고 식기도 지저분했다고 하니 다음 식당은 위생적인 곳으로 신경 써주세요."
일정에 있는 공연 안 보고 그냥 호텔 가서 쉬고 싶어요,"저녁 공연 관람 일정 취소하고 그냥 호텔 가서 쉬고 싶어 하시는데 가능할까요? 환불은 안 돼도 괜찮다고 하십니다."
호텔 체크아웃 했는데 지갑을 두고 온 거 같아요,"체크아웃 후 이동 중인데 객실에 지갑을 두고 오신 것 같대요. 호텔 하우스키핑에 긴급 확인 요청 부탁드립니다."
가이드가 약속한 쇼핑 물품을 안 챙겨줬어요,"귀국 공항인데 가이드분이 챙겨주기로 한 쇼핑 물품을 못 받으셨다네요. 공항으로 가져다주실 수 있는지 확인 부탁드려요."
비행기 결항돼서 하루 더 묵어야 하는데 호텔 좀 알아봐주세요,"태풍으로 항공편 결항돼서 체류가 길어졌습니다. 오늘 묵을 수 있는 가성비 좋은 호텔 수배 좀 부탁드려요."
골프 치다가 카트가 고장 나서 한참 기다렸어요,"라운딩 중에 카트 고장으로 지체돼서 흐름이 끊겼다고 불만이십니다. 골프장 측에 서비스 홀이나 음료 제공 가능한지 확인해봐 주세요."
호텔 조식 시간에 사람이 너무 많아서 밥을 못 먹었어요,"조식당 대기가 너무 길어서 식사를 제대로 못 하셨다네요. 내일은 좀 덜 붐비는 시간대 안내나 도시락 대체 가능한지 확인 부탁드려요."
가이드가 설명도 안 해주고 차에서 잠만 자요,"이동 중에 가이드분이 설명은커녕 주무시기만 한다고 손님들이 황당해하십니다. 성실하게 가이딩 해달라고 말씀 좀 전해주세요."
선택관광 비용이 다른 팀보다 비싼 거 같아요,"다른 여행사 팀이랑 비교했을 때 선택관광 비용이 비싸다고 하시네요. 포함 내역이나 차이점 설명 자료 좀 부탁드립니다."
호텔 욕실 배수가 안 돼서 물바다 됐어요,"객실 욕실 배수가 막혀서 물이 안 빠진다고 합니다. 정비팀 빨리 올려보내서 뚫어달라고 요청해주세요."
가이드가 반말을 섞어서 해요 기분 나빠요,"가이드분이 손님들께 은근슬쩍 반말을 섞어 쓰셔서 기분 상해하십니다. 존칭 사용하시도록 주의 부탁드려요."
일정에 없던 쇼핑센터를 왜 데려가요?,"일정표에 없는 쇼핑센터를 방문했다고 컴플레인이 들어왔습니다. 사전에 협의되지 않은 일정 진행 자제 부탁드립니다."
식당 음식이 너무 늦게 나와서 일정 다 꼬였어요,"점심 식사가 너무 늦게 나와서 다음 일정이 지연됐다고 하네요. 식당 예약 시간이랑 서빙 속도 체크 좀 부탁드려요."
호텔 뷰 업그레이드 비용 냈는데 시티뷰에요,"오션뷰 업그레이드 비용 지불했는데 시티뷰 배정받으셨다네요. 차액 환불이나 룸 변경 즉시 처리 부탁드립니다."
가이드가 술 냄새 풍기면서 나왔어요,"아침 미팅 때 가이드분한테서 술 냄새가 났다고 손님들이 불쾌해하십니다. 음주 가이딩 절대 안 되도록 강력하게 경고 부탁드려요."
골프장 캐디가 라이도 못 보고 너무 초보에요,"캐디 전문성이 너무 떨어진다고 교체 요청하셨습니다. 후반 홀은 좀 더 베테랑 캐디로 배정 부탁드려요."
호텔 수영장 물이 너무 차가워서 못 들어가겠어요,"수영장 물이 너무 차가워서 아이들이 이용을 못 한다고 하네요. 온수풀 가동 중인지 온도 체크 좀 부탁드립니다."
가이드가 개인적인 심부름을 시켜요,"가이드분이 손님한테 면세점 담배 구매 부탁을 하셨다네요. 사적인 심부름 시키지 않도록 교육 부탁드립니다."
차량 기사님이 운전을 너무 험하게 해요 멀미 나요,"기사님 급정거, 급출발이 심해서 손님들이 멀미 호소하십니다. 안전하고 부드럽게 운전해달라고 전달해주세요."
호텔 방음이 너무 안 돼서 잠을 못 잤어요,"옆방 소음 때문에 잠을 설치셨다고 하네요. 방음 잘 되는 조용한 방으로 교체 가능한지 확인 부탁드려요."
가이드가 식사 시간에 눈치 없이 같이 앉아서 먹어요,"손님들끼리 오붓하게 식사하고 싶은데 가이드분이 자꾸 합석하신다네요. 식사 때는 자리 좀 비켜드리라고 말씀해주세요."
일정에 있는 마사지 샵이 너무 허름해요,"패키지 마사지 샵 시설이 너무 낙후됐다고 불만이십니다. 좀 더 깔끔하고 쾌적한 곳으로 변경 가능할까요?"
호텔 어메니티가 너무 부족해요 샴푸랑 수건 좀 더 줘요,"객실에 수건이랑 어메니티가 인원수대로 세팅이 안 돼 있대요. 넉넉하게 채워달라고 하우스키핑에 전달해주세요."
가이드가 손님들한테 짜증을 내요,"일정이 좀 지체되니까 가이드분이 짜증을 내셨다네요. 아무리 힘들어도 손님께 감정 드러내지 않도록 주의 부탁드립니다."
골프장 그늘집 음식 값이 너무 비싸요,"그늘집 식음료 가격이 터무니없이 비싸다고 하시네요. 외부 음식 반입 가능한지 아니면 좀 저렴한 메뉴 있는지 확인 부탁드려요."
호텔 조식 포함인데 명단에 없다고 돈 내래요,"조식당 입구에서 명단 누락으로 입장을 제지당했다고 하십니다. 바우처 확인해서 바로 입장 가능하게 조치해주세요."
가이드가 약속한 과일 바구니 안 줘서 삐졌어요,"가이드분이 서비스로 주기로 한 과일 바구니가 아직 안 왔대요. 손님들이 기다리시니까 잊지 말고 챙겨주세요."
비행기 좌석이 떨어져 있어서 가는 내내 불편했어요,"왕복 항공 좌석이 떨어져 있어서 불편하셨다네요. 귀국편은 반드시 붙여서 배정되도록 사전 체크 부탁드립니다."
호텔 픽업 차량이 너무 낡아서 에어컨도 안 시원해요,"픽업 차량이 노후돼서 승차감도 안 좋고 덥다고 하십니다. 투어 때는 좀 더 컨디션 좋은 차량으로 배차 부탁드려요."
가이드가 설명은 안 하고 물건만 팔려고 해요,"관광지 설명보다 쇼핑 물품 홍보에만 열을 올린다고 하시네요. 본분에 충실하게 가이딩 해달라고 말씀 좀 전해주세요."
식당 예약이 안 돼 있어서 한참 기다렸어요,"예약된 식당에 갔는데 명단이 없어서 웨이팅 하셨다네요. 예약 재확인 철저히 부탁드립니다."
호텔 수영장 이용 시간 좀 늘려주세요,"수영장 마감 시간이 너무 이르다고 아쉬워하십니다. 야간 수영 가능하도록 시간 연장 안 될지 호텔에 문의 부탁드려요."
가이드가 팁 안 주면 서비스 안 해준다고 협박해요,"팁 안 주면 일정 진행 대충 하겠다고 으름장을 놓으셨다네요. 이건 정말 심각한 문제입니다. 사실 확인 후 조치 부탁드려요."
골프장 티업 시간 맘대로 바꿔서 일정 다 망쳤어요,"사전 동의 없이 티업 시간을 변경해서 뒤 일정이 다 꼬였습니다. 원상 복구하거나 보상안 마련해주세요."
비가 오는데 골프장에서는 무조건 치라고 하네요,"비가 꽤 오는데 골프장 측에서 라운딩 강행하라고 한다네요. 손님들은 취소 원하시는데 안전 문제로 어필해서 취소나 홀 정산 가능할지 확인 부탁드려요."
항공권 이름에 성이랑 이름이 바뀌었어요,"발권된 티켓에 성과 이름이 뒤바뀌어 있다고 합니다. 공항 카운터에서 수정 가능한지 아니면 재발권해야 하는지 긴급 확인 부탁드립니다."
호텔 도착했는데 예약 내역이 없대요,"호텔 프론트에서 예약 내역을 못 찾고 있습니다. 바우처 번호랑 예약 확정서 다시 한번 호텔로 팩스나 메일 발송 부탁드려요."
공항 픽업 차량이 너무 작아서 짐이 다 안 실려요,"픽업 차량 트렁크 공간이 부족해서 캐리어가 다 안 들어간다고 합니다. 짐 실을 수 있는 추가 차량이나 더 큰 차로 교체 지원 부탁드려요."
환전소 어디가 제일 잘 쳐주나요?,"손님들이 환전율 좋은 사설 환전소 위치를 물어보시네요. 가이드분께 안전하고 환율 괜찮은 곳으로 안내 부탁드려요."
골프장 락커룸 키가 안 열려요,"손님이 락커룸 키가 작동 안 해서 짐을 못 꺼내고 계신대요. 골프장 직원 호출해서 빨리 조치 좀 취해주세요."
호텔 방에 모기가 너무 많아요,"객실에 모기가 많아서 잠을 못 주무시겠다고 합니다. 모기향이나 전자 모기채 지원 가능한지 프론트에 요청 부탁드려요."
가이드가 일정 내내 표정이 너무 안 좋아요,"가이드분이 무슨 안 좋은 일 있으신지 계속 표정이 어두우셔서 손님들이 눈치 보인다고 하네요. 밝은 분위기로 진행 부탁드려요."
식당에 채식주의자 메뉴가 없어요,"일행 중 비건 손님이 계신데 식당에 드실 만한 메뉴가 없다고 합니다. 별도 메뉴 주문 가능한지 아니면 외부 음식 허용되는지 확인해주세요."
쇼핑센터에서 산 물건이 불량이에요,"어제 구매하신 잡화 물품 지퍼가 고장 났다고 하네요. 오늘 일정 중에 교환 가능한지 확인 부탁드립니다."
비행기 놓칠 뻔했어요 샌딩 차량이 너무 늦게 와서,"샌딩 차량 지각으로 공항 수속 시간이 너무 촉박했습니다. 기사님 시간 엄수 철저히 교육 부탁드려요."
골프장 캐디가 팁을 너무 많이 요구해요,"캐디가 기본 팁 외에 추가 팁을 과하게 요구한다고 컴플레인 들어왔습니다. 정해진 팁 규정대로만 받도록 주의 부탁드려요."
호텔 조식 뷔페 음식이 다 식었어요,"조식 음식 회전율이 안 좋아서 다 식어있다고 하네요. 따뜻한 음식으로 채워달라고 식음료 팀에 전달해주세요."
가이드가 손님들끼리 싸우는데 구경만 해요,"일행 간 다툼이 있었는데 가이드분이 중재는커녕 방관만 하셨다고 섭섭해하십니다. 원만한 분위기 조성 위해 노력 부탁드려요."
선택관광 안 한다고 했더니 차에서 에어컨도 꺼버렸어요,"옵션 미참여 손님 대기 차량 시동을 꺼서 찜통이었다고 합니다. 이건 명백한 보복성 조치 같은데 사실 확인 후 엄중 경고 부탁드려요."
호텔 수압이 너무 약해서 씻을 수가 없어요,"샤워기 수압이 너무 약해서 씻는 데 한참 걸린다고 하네요. 수압 체크 및 조치 가능한 방으로 교체 요청해주세요."
가이드가 역사 왜곡해서 설명해요,"가이드분의 역사 설명 내용이 사실과 다르다고 손님이 지적하셨습니다. 정확한 정보 전달하도록 교육 자료 재점검 부탁드려요."
식당 물에서 냄새가 나요,"식당에서 제공된 물에서 비린내가 난다고 하네요. 생수병으로 제공해달라고 요청하거나 다른 물로 교체 부탁드려요."
일정에 있는 마사지 샵이 퇴폐업소 같아요,"마사지 샵 분위기가 좀 이상하다고 손님들이 거부감을 느끼십니다. 건전하고 가족 단위 이용 가능한 곳으로 변경해주세요."
호텔 침대 시트가 안 갈아져 있어요,"체크인했는데 침대 시트에 얼룩이 그대로 있다고 합니다. 하우스키핑 다시 불러서 전체 베딩 교체 요청해주세요."
가이드가 손님 옷차림 지적했어요,"가이드분이 손님 복장에 대해 무례하게 지적하셨다네요. 개인 취향 존중하고 불필요한 언행 삼가도록 주의 부탁드려요."
골프장 그늘집 대기 시간이 너무 길어요,"그늘집 대기가 1시간이나 돼서 리듬이 다 깨졌다고 합니다. 경기과에 푸시해서 후반 티오프 빨리 잡아달라고 요청해주세요."
호텔 엘리베이터가 고장 나서 걸어 다녔어요,"고층 객실인데 엘리베이터 고장으로 계단 이용하셨다고 불만이 대단하십니다. 수리 완료 시간 확인 및 짐 운반 서비스 지원 요청해주세요."
가이드가 일정 마음대로 줄여서 진행해요,"가이드분이 시간 없다고 관광지 체류 시간을 대폭 줄이셨다네요. 정해진 일정 시간 준수하도록 체크 부탁드립니다."
식당 직원이 불친절해서 밥맛 떨어졌어요,"식당 직원 서빙 태도가 너무 불량해서 식사 분위기 망쳤다고 합니다. 식당 매니저에게 서비스 교육 요청해주세요."
쇼핑센터 물건 값이 시내보다 3배나 비싸요,"쇼핑센터 가격이 시중가보다 터무니없이 비싸다고 바가지 씌운 거 아니냐고 따지십니다. 가격 합리적인 곳으로 안내 부탁드려요."
비행기 수하물 파손됐는데 보상 어떻게 받나요?,"수하물 캐리어가 파손돼서 나왔다고 합니다. 항공사 클레임 절차 및 여행자 보험 처리 방법 안내 부탁드려요."
골프장 샤워실에 뜨거운 물이 안 나와요,"라운딩 후 샤워하는데 온수가 안 나와서 찬물로 씻으셨다네요. 보일러 점검 요청 및 사우나 이용료 감면 확인해주세요."
호텔 조식당에서 아이가 컵을 깼는데 변상하래요,"아이 실수로 컵을 깼는데 호텔 측에서 과도한 변상금을 요구한다고 합니다. 원만한 합의 가능하도록 중재 부탁드려요."
가이드가 손님 이름 계속 틀리게 불러요,"가이드분이 3일째 손님 성함을 틀리게 부르신다네요. 기본 서비스 마인드 문제이니 명단 숙지 철저히 하라고 전해주세요."
선택관광 강매 분위기 조성해서 어쩔 수 없이 했어요,"안 하면 안 되는 분위기를 만들어서 억지로 옵션 하셨다고 불만이십니다. 자발적 참여 원칙 지키도록 가이드 교육 다시 부탁드려요."
호텔 방 문이 안 잠겨요 불안해요,"객실 도어락 고장으로 문이 제대로 안 잠긴다고 합니다. 보안 문제이니 즉시 수리하거나 방 교체 긴급으로 요청해주세요."
가이드가 정치적인 발언을 너무 많이 해요,"가이드분이 정치적 견해를 너무 드러내셔서 손님들이 불편해하십니다. 투어 중에는 중립 지키고 여행 관련 이야기만 하도록 주의 부탁드려요."
식당 음식이 너무 짜서 못 먹겠어요,"현지식 간이 너무 세서 손님들이 식사를 거의 남기셨다네요. 다음 식사는 '덜 짜게' 조리 요청 꼭 좀 부탁드려요."
일정에 있는 야시장 문 닫아서 못 갔어요,"야시장 휴무일 체크 안 하고 갔다가 헛걸음하셨다네요. 기본 정보 확인 철저히 하고 대체 일정 마련해주세요."
호텔 수영장 타일이 깨져 있어서 발 다칠 뻔했어요,"수영장 바닥 타일 파손으로 안전사고 위험이 있다고 합니다. 안전 라인 설치하거나 보수 요청해주세요."
가이드가 손님한테 돈 빌려달라고 했어요,"가이드분이 현금 없다고 손님께 돈을 빌려달라고 하셨다네요. 있을 수 없는 일입니다. 사실 확인 후 즉각 조치 부탁드려요."
골프장 잔디 보호한다고 매트에서만 치래요,"페어웨이 상태 안 좋다고 전 홀 매트 플레이 강요받았다고 불만이십니다. 사전에 고지 안 된 부분이니 그린피 일부 환불 요청해주세요."
호텔 룸서비스 시켰는데 2시간이나 걸렸어요,"룸서비스 주문 누락인지 너무 늦게 와서 다 식은 음식 드셨다네요. 서비스 차지 웨이버나 컴플레멘터리 제공 확인해주세요."
가이드가 다른 팀 가이드랑 싸웠어요,"관광지에서 타사 가이드랑 언성을 높이며 싸우셨다네요. 손님들 보기에 민망하니 품위 유지하도록 주의 부탁드립니다."
식당에 에어컨이 없어서 땀 흘리며 밥 먹었어요,"식당 내부가 너무 더워서 식사를 제대로 못 하셨다고 합니다. 다음부터는 냉방 시설 잘 된 곳으로 섭외 부탁드려요."
쇼핑센터에서 가짜 물건 판 거 같아요,"구매한 명품 이미테이션 의심된다고 환불 요청하십니다. 정품 보증서 확인이나 환불 절차 안내 부탁드려요."
비행기 좌석이 이중 배정돼서 서서 갈 뻔했어요,"항공사 전산 오류로 좌석이 중복 배정됐었다고 합니다. 항공사 측에 정식으로 항의하고 마일리지 보상 등 확인해주세요."
골프장 캐디가 공을 자꾸 잃어버려요,"캐디가 공 위치를 못 봐서 로스트볼이 너무 많이 났다고 짜증 내십니다. 경기 보조 능력 있는 캐디로 배정 신경 써주세요."
호텔 조식당 직원이 인종차별적인 발언을 했어요,"조식당 직원의 태도나 언행에서 차별을 느끼셨다고 격분하셨습니다. 호텔 매니저 소환해서 정식 사과 요청해주세요."
가이드가 일정 중에 개인 용무 본다고 사라졌어요,"투어 도중에 가이드분이 개인 볼일 보러 가셔서 손님들이 방치됐었다네요. 근무 시간 준수 철저히 하도록 경고 부탁드려요."
선택관광 배 탔는데 구명조끼도 안 줬어요,"해양 스포츠 진행 시 안전 장비 지급이 제대로 안 됐다고 합니다. 안전 불감증 심각하니 업체 점검 및 시정 조치 요청해주세요."
호텔 방에서 바퀴벌레가 나왔어요,"객실에서 바퀴벌레가 나와서 기겁하셨다고 합니다. 방역 소독 실시 및 룸 업그레이드 교체 강력하게 요청해주세요."
가이드가 손님 물건을 허락 없이 만져요,"가이드분이 손님 소지품이나 쇼핑백을 함부로 만지셔서 불쾌해하십니다. 기본 예의 지키도록 교육 부탁드려요."
식당 컵에서 립스틱 자국이 그대로 있어요,"식기 세척 상태 불량으로 컵에 이물질이 묻어 있었다고 합니다. 위생 관리 철저한 식당으로 수배 부탁드려요."
일정에 있는 박물관이 공사 중이라 못 들어갔어요,"박물관 휴관 정보 미리 확인 안 해서 헛걸음하셨다네요. 대체 관광지 섭외해서 일정 공백 없게 해주세요."
호텔 수영장 물에서 락스 냄새가 너무 심해요,"수영장 소독약 냄새가 너무 독해서 머리가 아플 지경이라고 합니다. 수질 관리 기준 준수하는지 확인 요청해주세요."
가이드가 손님한테 술 따르라고 강요했어요,"회식 자리에서 가이드분이 여성 손님께 술 따르기를 권하셨다네요. 성희롱 소지 있는 행동 절대 금지하도록 엄중 경고 부탁드려요."
골프장 카트 도로가 너무 험해서 허리 다칠 뻔했어요,"카트 도로 정비 상태가 불량해서 이동 중 충격이 심했다고 합니다. 서행 운전 지시 및 도로 보수 요청해주세요."
호텔 조식 메뉴에 유통기한 지난 요거트가 있었어요,"조식 뷔페에 날짜 지난 유제품이 비치돼 있었다고 합니다. 식자재 관리 소홀에 대해 호텔 측에 강력 항의 부탁드려요."
가이드가 일정 변경 동의서에 강제로 사인하게 했어요,"일정 변경에 대해 충분한 설명 없이 서명만 강요했다고 합니다. 절차 무시한 진행에 대해 경위서 제출받아주세요."
선택관광 안 하면 호텔 체크인 안 시켜준다고 협박했어요,"옵션 강요를 넘어 체크인 볼모로 협박까지 하셨다네요. 이건 명백한 규정 위반입니다. 가이드 교체 고려해주세요."
호텔 방 창문이 안 닫혀서 시끄러워요,"창문 고장으로 외부 소음이 그대로 들어온다고 합니다. 수리 불가 시 조용한 방으로 즉시 교체 요청해주세요."
가이드가 손님 뒷담화하다가 걸렸어요,"기사님과 손님 흉보다가 딱 걸리셨다네요. 신뢰가 완전히 깨진 상황입니다. 진정성 있는 사과와 재발 방지 약속 받아주세요."
식당에서 밥 먹는데 쥐가 지나갔어요,"식당 홀에 쥐가 출몰해서 식사 중단하고 나오셨다고 합니다. 위생 최악인 식당이니 거래 중단 검토해주세요."
일정에 있는 유람선이 너무 낡아서 무서웠어요,"유람선 노후화가 심해서 안전이 우려됐다고 합니다. 안전 검사 필한 최신 선박 이용하는 업체로 변경 부탁드려요."
호텔 수영장 안전 요원이 없어요,"수영장에 라이프가드가 상주하지 않아서 불안하다고 합니다. 안전 요원 배치 시간 확인 및 순찰 강화 요청해주세요."
가이드가 손님한테 종교 전도를 했어요,"투어 중에 특정 종교 이야기를 하며 전도를 하셨다네요. 공과 사 구분하고 종교적 중립 지키도록 주의 부탁드려요."
골프장 그늘집이 문을 닫아서 물도 못 마셨어요,"그늘집 운영 시간 종료로 음료 구매를 못 하셨다고 합니다. 카트에 생수 충분히 비치하거나 운영 시간 확인 부탁드려요."
호텔 조식당에서 밥 먹는데 청소기를 돌려요,"식사 시간인데 옆에서 청소기 돌리며 먼지 날렸다고 합니다. 식사 시간 피해서 청소하도록 호텔 측에 주의 요청해주세요."
가이드가 손님한테 반성문 쓰라고 했어요,"집합 시간 늦었다고 손님께 반성문을 요구하셨다네요. 손님을 가르치려 드는 태도, 절대 용납될 수 없습니다. 엄중 조치 부탁드려요."
선택관광 마사지사가 팁 적다고 욕했어요,"팁 액수 확인하고 현지어로 욕설을 했다고 합니다. 해당 마사지사 징계 및 샵 측의 공식 사과 요청해주세요."
호텔 방 천장에서 물이 새요,"누수로 인해 객실 천장에서 물이 떨어진다고 합니다. 짐 젖기 전에 방 교체하고 피해보상 확인해주세요."
가이드가 손님 여권을 잃어버렸어요,"가이드분이 보관 중이던 손님 여권을 분실하셨다네요. 영사관 긴급 여권 발급 지원 및 제반 비용 전액 부담하도록 조치해주세요."
식당 음식이 상해서 배탈 났어요,"식사 후 구토와 설사 증세가 있다고 합니다. 병원 진료 지원 및 식당 측 음식물 배상 책임 보험 접수 확인해주세요."
일정에 있는 케이블카가 운행 중단됐어요,"강풍으로 케이블카 운행이 중단됐다고 합니다. 대체 코스로 변경하거나 입장료 환불 조치 빠르게 진행해주세요."
호텔 수영장에 유리 조각이 떨어져 있었어요,"수영장 바닥에 유리 파편이 있어 발을 베이셨다네요. 응급 처치 및 치료비 지원, 안전 관리 소홀에 대한 보상 청구해주세요."
가이드가 손님한테 폭언을 했어요,"컴플레인 제기하자 가이드분이 욕설과 폭언을 하셨다네요. 즉시 가이드 업무 정지시키고 현지 소장님이 직접 케어 부탁드립니다."
베트남 갈 때 비자 필요한가요?,"베트남 여행 시 비자 발급 필요한지 문의하십니다. 한국 국적 무비자 체류 기간이랑 조건 확인해서 안내 부탁드려요."
여권 만료일이 5개월 남았는데 괜찮나요?,"손님 여권 유효기간이 6개월 미만인데 입국 문제없을까요? 항공사 규정이랑 현지 입국 심사 기준 체크 좀 부탁드립니다."
현지 전압이 한국이랑 똑같나요? 돼지코 가져가야 하나요?,"현지 전압 및 콘센트 모양 문의하십니다. 멀티 어댑터 챙겨야 하는지 호텔에 비치돼 있는지 확인해주세요."
환전은 달러로 해가야 하나요 아니면 현지 돈으로 해가야 하나요?,"환전 관련해서 달러 이중 환전이 유리한지 바로 현지 화폐로 준비하는 게 나은지 팁 좀 주세요. 손님들께 안내해드리려고요."
기내에 액체류 얼마나 가져갈 수 있어요?,"기내 반입 액체류 규정 문의하십니다. 화장품이나 세면도구 용량 제한이랑 지퍼백 포장 여부 정확히 알려주세요."
현지 날씨가 어떤가요? 옷을 어떻게 챙겨가야 할지 모르겠어요,"여행 기간 현지 날씨 예보랑 옷차림 추천 부탁드려요. 긴팔 챙겨야 하는지 우산 필요한지 손님들이 궁금해하십니다."
공항 미팅 장소가 어디에요? 가이드가 피켓 들고 있나요?,"공항 도착 후 가이드 미팅 포인트 정확한 위치랑 피켓명 알려주세요. 손님들이 헤매지 않게 약도나 사진 있으면 더 좋고요."
수하물 무게 제한이 몇 키로에요? 골프백 포함인가요?,"위탁 수하물 허용 무게랑 골프백 합산 여부 확인 부탁드려요. 초과 시 요금 규정도 같이 알려주시면 감사하겠습니다."
기내식 나오나요? 아이들 먹을 키즈밀 신청 되나요?,"해당 항공편 기내식 제공 여부랑 아동용 기내식 사전 신청 가능한지 확인해주세요. 메뉴 선택도 가능한가요?"
좌석 배정은 언제 할 수 있나요? 창가 쪽으로 하고 싶은데,"항공 좌석 사전 지정 오픈 시간이랑 방법 안내 부탁드려요. 일행분들 연석이랑 창가 좌석 선호하십니다."
로밍 해가는 게 좋아요 아니면 유심 사는 게 좋아요?,"데이터 사용 관련해서 로밍, 유심, 포켓 와이파이 중 어떤 게 현지에서 잘 터지고 저렴한지 추천 좀 부탁드려요."
여행자 보험은 들어주나요? 보장 내역이 어떻게 돼요?,"패키지 포함 여행자 보험 보장 한도랑 내역서 요청하십니다. 현지 병원비나 휴대품 파손 보상 범위 확인해주세요."
비상시에 연락할 현지 연락처 좀 알려주세요,"가이드분 외에 현지 비상 연락망이나 한국인 담당자 번호 미리 받을 수 있을까요? 손님들이 불안해하셔서요."
반입 금지 물품이 뭐에요? 소주 가져가도 되나요?,"현지 입국 시 반입 금지 품목이랑 주류/담배 면세 한도 정확히 알려주세요. 소주 팩 챙겨가도 되는지 물어보시네요."
면세점 쇼핑 한도가 얼마에요?,"귀국 시 면세 한도랑 현지 입국 시 면세 한도 각각 안내 부탁드려요. 불이익 당하지 않게 미리 공지하려고 합니다."
현지 팁 문화는 어떤가요? 얼마나 줘야 해요?,"호텔 팁이나 마사지 팁 등 현지 팁 관례에 대해 가이드라인 좀 주세요. 달러로 줘도 되는지 현지 화폐로 줘야 하는지요."
시차는 얼마나 나나요?,"한국이랑 시차 얼마나 나는지, 비행시간은 총 몇 시간 걸리는지 기본 정보 정리해서 보내주세요."
비행기 탈 때 보조배터리 부쳐도 되나요?,"보조배터리랑 전자담배 위탁 수하물 금지 규정 다시 한번 손님들께 강조해야 할 것 같아요. 기내 반입만 가능하죠?"
현지 물가가 비싼가요? 용돈 얼마나 가져가면 될까요?,"현지 물가 수준 감안해서 개인 용돈 어느 정도 환전해가면 적당할지 추천 금액 좀 알려주세요."
상비약 챙겨가야 하나요? 현지 약국 이용하기 쉽나요?,"소화제나 진통제 같은 상비약 챙겨가는 게 좋겠죠? 현지 약국 찾기 쉽거나 약 구하기 편한지 궁금해하십니다."
호텔에 드라이기랑 어메니티 있나요?,"투숙 호텔 객실 비품 리스트 확인 부탁드려요. 헤어드라이어, 샴푸, 린스, 칫솔 치약 다 구비되어 있는지요."
조식은 몇 시부터 먹을 수 있나요?,"호텔 조식 운영 시간이랑 장소 미리 알려주세요. 골프 티업 시간 때문에 일찍 식사 가능한지 체크 필요합니다."
현지에서 카드 결제 잘 되나요?,"식당이나 쇼핑몰에서 신용카드 사용 원활한지, 아니면 현금 위주로 써야 하는지 결제 환경 안내 부탁드려요."
물은 사 먹어야 하나요? 호텔 물 마셔도 되나요?,"현지 수돗물 석회질 때문에 마시면 안 되죠? 호텔 생수 제공되는지랑 식당 물 마셔도 안전한지 확인해주세요."
과일 칼 가져가도 되나요?,"현지에서 과일 깎아 드신다고 과도 챙겨가신다는데 위탁 수하물로 부치면 문제없는지 확인 부탁드려요."
유모차 가져가면 비행기 앞까지 가져갈 수 있나요?,"유아 동반 손님이 유모차 도어 투 도어 서비스 가능한지 물어보시네요. 항공사 규정 확인해주세요."
임산부인데 비행기 타도 되나요? 서류 필요한가요?,"임신 20주 차 손님 탑승 가능 여부랑 의사 소견서 등 필요 서류 있는지 항공사 규정 체크 부탁드립니다."
골프백 커버 씌워야 하나요?,"항공 수하물 보낼 때 골프백 항공 커버 필수인가요? 없으면 현장에서 구매 가능한지 알려주세요."
현지 치안은 안전한가요? 밤에 돌아다녀도 되나요?,"여행지 치안 상황이랑 야간 외출 시 주의사항 있으면 미리 공유 부탁드려요. 우범 지역이나 조심해야 할 점들이요."
호텔 보증금(디파짓) 있나요? 얼마에요?,"체크인 시 디파짓 필요한지, 금액은 얼마고 카드로 가능한지 확인해주세요. 손님들께 미리 준비하시라고 해야 해서요."
현지에서 한국 음식 파는 곳 있나요?,"어르신들이라 한식 찾으실 것 같은데 호텔 근처나 시내에 한식당이나 한국 마트 있는지 위치 좀 봐주세요."
마사지 샵 예약은 미리 해야 하나요?,"자유 시간에 마사지 받고 싶어 하시는데 현지 가서 예약해도 되는지 아니면 한국에서 미리 잡고 가는 게 좋은지 추천해주세요."
현지 유심 끼우면 한국 번호로 전화 못 받나요?,"유심 교체 시 한국 전화 수신 불가한 점 손님께 안내해드려야겠죠? 착신 전환이나 로밍 등 대안 설명 부탁드려요."
데이터 로밍 차단은 어떻게 하나요?,"어르신들 데이터 요금 폭탄 안 맞게 출국 전 데이터 로밍 차단 설정 방법 안내문 좀 보내주실 수 있을까요?"
공항에 몇 시간 전까지 가야 하나요?,"성수기라 공항 혼잡할 텐데 미팅 시간 몇 시로 잡으면 여유 있을까요? 3시간 전 도착이면 충분할까요?"
자동 출입국 심사 등록해야 하나요?,"인천공항 및 현지 공항 자동 출입국 심사 이용 가능한지, 사전 등록 필요한지 확인 부탁드려요."
면세점에서 산 액체류 기내 반입 되나요?,"면세 구역에서 구매한 주류나 화장품 기내 반입 규정(STEB 포장 등) 정확히 안내 부탁드립니다. 경유 시 주의사항도요."
현지 옷 사이즈가 한국이랑 같나요?,"현지에서 옷 사 입으실 계획이라는데 사이즈 표기가 한국이랑 동일한지, 아니면 한 치수 크게/작게 입어야 하는지 팁 좀 주세요."
호텔에 수영복 입고 돌아다녀도 되나요?,"호텔 로비나 조식당 이동 시 수영복 차림 가능한지, 아니면 가운이나 겉옷 걸쳐야 하는지 복장 규정 확인해주세요."
현지에서 렌트카 빌릴 수 있나요? 국제면허증 필요한가요?,"자유 일정 때 렌트카 이용 원하시는데 한국 국제면허증 통용되는지, 기사 포함 렌트가 나은지 조언 부탁드려요."
그랩(Grab) 어플 깔아가야 하나요?,"현지 이동 시 그랩이나 우버 같은 호출 앱 필수인지, 사용법이나 카드 등록 미리 해가는 게 좋은지 알려주세요."
호텔에 전자레인지 있나요? 햇반 데워 먹으려구요,"객실 내 전자레인지 비치 여부나 로비/편의점에서 사용 가능한지 확인해주세요. 이유식이나 햇반 데울 일이 있으시대요."
아기 침대(베이비 가드) 설치해주나요?,"유아 동반 객실에 아기 침대나 침대 가드 사전 요청 가능한지 호텔 측에 확인하고 세팅 부탁드려요."
커넥팅 룸으로 배정 가능한가요?,"두 가족 여행이라 객실 내부 문으로 연결된 커넥팅 룸 요청하십니다. 확정은 안 돼도 우선 요청 넣어주실 수 있죠?"
현지에서 환전할 때 5만원권도 받아주나요?,"달러 말고 한국 돈 5만원권도 현지 환전소에서 환전 가능한지, 환율 차이가 큰지 확인 부탁드려요."
비행기 마일리지 적립 되나요?,"이번 패키지 항공권 마일리지 적립 가능한 클래스인지, 가능하다면 적립 방법 안내 부탁드립니다."
현지 전압이 불안정해서 고데기 고장 날 수도 있나요?,"현지 전압 사정 때문에 정밀 기기나 고데기 고장 날 위험 있는지, 프리볼트 제품 써야 하는지 체크해주세요."
모기 기피제 가져가도 되나요? 스프레이형인데,"스프레이형 모기 기피제 위탁 수하물 반입 가능한지(인체용/살충제 구분) 항공사 규정 확인 부탁드려요."
현지에서 팁 줄 때 천원짜리 줘도 되나요?,"달러 소액권 없을 때 한국 돈 천원짜리로 팁 줘도 현지 분들이 좋아하시는지, 아니면 달러/현지 화폐만 선호하는지 알려주세요."
공항에서 환전하는 게 낫나요 시내에서 하는 게 낫나요?,"환율 우대 측면에서 공항 환전소랑 시내 사설 환전소 중 어디를 추천하시나요? 소액만 공항에서 하고 나머진 시내에서 할까요?"
현지 기념품 뭐 사오면 좋아요?,"지인들 선물용으로 인기 있는 현지 쇼핑 리스트나 특산품 추천 좀 해주세요. 바가지 안 쓰고 살 만한 곳도요."
호텔에 짐 맡기고 투어 다녀와도 되나요?,"체크아웃 후에 캐리어 호텔에 보관하고 투어 진행 가능한지, 보관료 따로 있는지 확인해주세요."
비행기 탈 때 신발 벗고 타나요?,"농담이시겠지만...^^; 비행기 처음 타시는 어르신들이라 탑승 절차나 기내 에티켓 간단히 정리된 자료 있으면 좋을 것 같아요."
현지 화장실 깨끗한가요? 휴지 챙겨가야 하나요?,"관광지 공중화장실 위생 상태 어떤가요? 개인 휴지나 물티슈 챙겨 다니는 게 필수인지 알려주세요."
물갈이 심한데 주의할 점 있나요?,"물갈이 예민하신 분들 식수나 양치할 때 생수 사용해야 하는지, 얼음 먹지 말아야 하는지 등 주의사항 안내 부탁드려요."
현지에서 한국 방송 나오나요?,"호텔 TV에서 YTN이나 아리랑TV 같은 한국 채널 시청 가능한지 어르신들이 궁금해하십니다."
비행기 좌석 간격 넓은 자리로 살 수 있나요?,"비상구 좌석이나 앞열 좌석 유료 구매 가능한지, 비용은 얼마고 신청 어떻게 하는지 확인해주세요."
현지에서 카드 쓰면 수수료 많이 나오나요?,"해외 카드 결제 시 수수료율이랑 DCC(자국 통화 결제) 차단 설정 필요성 안내 부탁드려요."
호텔에 한국 직원 있나요?,"투숙하시는 호텔에 한국인 직원 상주하는지, 아니면 한국어 가능한 현지 직원 있는지 확인해주세요."
현지 날씨가 습한가요?,"기온도 중요하지만 습도가 높은지 건조한지 알아야 옷 챙기기 수월할 것 같아요. 불쾌지수 높은 편인가요?"
우비 챙겨가는 게 낫나요 우산이 낫나요?,"우기 시즌이라는데 활동하기에 우비가 편할지 접이식 우산이 나을지 현지 상황에 맞춰 추천 부탁드려요."
현지에서 택시 타면 바가지 안 쓰나요?,"일반 택시 이용 시 미터기 켜달라고 해야 하는지, 아니면 흥정해야 하는지 택시 이용 팁 좀 알려주세요."
호텔 조식에 김치 나오나요?,"어르신들 식사 때문에 조식 뷔페에 김치나 한식 메뉴 일부 제공되는지 확인 부탁드립니다."
현지 유심 사면 카톡 그대로 쓸 수 있나요?,"유심 바꿔도 카카오톡 친구 목록이나 대화 내용 그대로 유지되는지 손님들이 헷갈려하셔서 정확한 안내 부탁드려요."
비행기 탈 때 귀가 먹먹한데 어떻게 해요?,"기압 차 때문에 귀 통증 호소하시는 분들 위한 팁(껌 씹기, 귀마개 등)이나 상비약 추천해주실 수 있나요?"
현지 과일 한국으로 가져올 수 있나요?,"망고나 열대과일 너무 맛있어서 사오고 싶어 하실 텐데, 생과일 국내 반입 절대 불가한 점 미리 강력하게 공지 부탁드려요."
호텔 수영장 수심이 깊나요?,"수영장 깊이가 성인/아동용 구분되어 있는지, 구명조끼 대여 가능한지 안전 관련 정보 확인해주세요."
현지에서 컵라면 먹어도 되나요?,"호텔 객실에서 컵라면 취식 가능한지(냄새 때문에 금지하는 곳도 있어서), 커피포트 위생 상태는 괜찮은지 체크 부탁드려요."
비행기 담요 주나요?,"저가 항공사 이용 시 담요 유상 제공인지 무상인지 확인해서 겉옷 챙기시라고 안내해야 할 것 같아요."
현지 마사지 팁은 마사지 전에 주나요 후에 주나요?,"마사지 팁 주는 타이밍이랑 매너 팁 봉투 준비해가면 좋은지 소소한 팁 문화 알려주세요."
공항 면세점 몇 시에 문 여나요?,"이른 아침 출발인데 공항 면세점 오픈 시간 확인해서 쇼핑 가능한지 손님들께 알려드려야 해요."
현지에서 한국 돈 환전 되나요?,"급할 때 한국 돈 1만원, 5만원권도 현지 환전소나 가이드 통해서 환전 가능한지 비상금 관련 안내 부탁드려요."
호텔에 칫솔 치약 있나요?,"요즘 환경 보호 때문에 일회용품 제공 안 하는 호텔이 많아서요. 칫솔/치약 꼭 챙겨가야 하는지 확인해주세요."
현지 인터넷 속도 빠른가요?,"호텔이나 식당 와이파이 속도가 한국만큼 빠른지, 아니면 답답할 수 있으니 데이터 넉넉히 준비해야 하는지 알려주세요."
비행기 탈 때 신발에 쇠붙이 있으면 삑 소리 나나요?,"보안 검색대 통과할 때 신발이나 벨트 때문에 걸리는 경우 있는지, 편한 복장 추천 멘트 부탁드려요."
현지에서 소매치기 조심해야 하나요?,"관광지 소매치기 유형(오토바이 날치기 등)이랑 예방법, 가방 앞으로 메기 등 안전 수칙 공유 부탁드립니다."
호텔에 다리미 있나요?,"구겨진 옷 다려 입으셔야 한다는데 객실 내 다리미/다리미판 비치돼 있는지 대여해야 하는지 확인해주세요."
현지 물이 석회수라는데 샤워 필터 가져가야 하나요?,"피부 예민하신 분들 샤워기 필터 챙겨가시는 게 좋을지, 호텔 수질 상태 어떤지 솔직한 조언 부탁드려요."
비행기 좌석 등받이 뒤로 젖혀도 되나요?,"기내 에티켓 관련해서 식사 시간 외에 등받이 조절 자유로운지, 뒷사람 배려 멘트도 같이 해주시면 좋을 것 같아요."
현지에서 길 잃어버리면 어떻게 해요?,"길 잃었을 때 대처법(호텔 명함 챙기기, 구글맵 활용 등)이랑 가이드 긴급 연락처 다시 한번 강조해주세요."
호텔 조식 뷔페 음식 남기면 벌금 있나요?,"환경 부담금 명목으로 음식 남길 시 벌금 부과하는 곳 있는지 확인해서 주의사항으로 안내 부탁드려요."
현지에서 짝퉁 시장 가볼 수 있나요?,"손님들이 재미 삼아 야시장이나 이미테이션 시장 구경 원하시는데 일정 중 방문 가능한 곳이나 주의할 점 알려주세요."
비행기 탈 때 마스크 써야 하나요?,"기내 마스크 착용 의무 해제됐는지, 아니면 아직 권고 사항인지 항공사 및 도착 국가 방역 지침 확인해주세요."
현지에서 팁 안 주면 싫어하나요?,"팁이 의무는 아니지만 서비스 만족도에 따라 주는 문화인지, 안 주면 서비스 질이 떨어지는지 현실적인 조언 부탁드려요."
호텔 체크인 할 때 여권 맡겨야 하나요?,"호텔 체크인 시 여권 원본 보관하는지 아니면 복사만 하고 돌려주는지 확인해주세요. 분실 우려 때문에요."
현지 편의점에 한국 라면 파나요?,"밤에 출출할 때 드실 컵라면이나 김치, 소주 등 현지 편의점에서 쉽게 구할 수 있는지 알려주세요."
비행기 탈 때 보조배터리 용량 제한 있나요?,"대용량 보조배터리(20000mAh 이상) 기내 반입 개수나 용량 제한 규정 정확히 체크해서 공지 부탁드려요."
현지에서 우산 빌려주나요?,"호텔 로비에서 우산 대여 서비스 제공하는지, 아니면 개별 우산/우비 꼭 챙겨야 하는지 확인해주세요."
호텔 방에 금고 있나요? 믿을 만한가요?,"귀중품 보관용 객실 금고 있는지, 사용법은 간단한지, 그리고 안전한지(도난 사고 사례 없는지) 확인 부탁드려요."
현지에서 택시비 카드 결제 되나요?,"그랩 말고 일반 택시도 카드 결제 가능한지, 아니면 현금(잔돈) 준비해야 하는지 교통 수단 결제 팁 알려주세요."
비행기 탈 때 목베개 가져가는 게 좋나요?,"비행시간 고려했을 때 목베개 챙겨가는 게 훨씬 편안한지, 기내 제공은 없는지 확인해서 추천해주세요."
호텔 수영장에 튜브 바람 넣는 기계 있나요?,"호텔 수영장에 튜브 공기 주입기 비치되어 있는지 확인 부탁드려요. 아이들 튜브 가져가신다고 하네요."
골프장 복장 규정이 어떻게 되나요? 반바지 입어도 되나요?,"해당 골프장 드레스 코드 확인 부탁드립니다. 반바지 착용 가능한지, 양말 길이는 규정이 있는지요."
료칸 가이세키 요리에 회가 나오나요? 날거 못 먹는데,"료칸 석식 가이세키 메뉴에 생선회 포함되는지, 혹시 익힌 요리로 대체 가능한지 확인 부탁드려요."
호텔에 돼지코(변환 어댑터) 빌릴 수 있나요?,"객실 내에 멀티 어댑터 비치되어 있는지, 아니면 프론트에서 대여 가능한지 확인해주세요."
스노클링 할 때 오리발도 빌려주나요?,"호핑투어 장비 대여 시 오리발(핀)도 포함인지, 아니면 개별 준비해야 하는지 알려주세요."
방에 엑스트라 베드 넣으면 많이 좁아지나요?,"엑스트라 베드 추가 시 객실 공간이 많이 협소해지는지, 캐리어 펼 공간은 나오는지 체크 부탁드려요."
골프장에 한국어 할 줄 아는 캐디 있나요?,"혹시 한국어 소통 가능한 캐디분 배정 가능한지 골프장 측에 문의 부탁드립니다."
호텔 조식에 쌀국수 나오나요?,"호텔 조식 메뉴에 즉석 쌀국수 코너 있는지 손님들이 궁금해하십니다."
투어 차량에 카시트 설치 가능한가요?,"유아 동반 손님인데 이동 차량에 카시트 설치 가능한지, 카시트는 준비해주시는지 확인해주세요."
마사지 받고 샤워할 수 있나요?,"마사지 샵에 샤워 시설 완비되어 있는지, 마사지 후 샤워 가능한지 확인 부탁드려요."
호텔 근처에 편의점 걸어서 갈 수 있나요?,"호텔에서 도보로 이동 가능한 거리에 편의점이나 마트가 있는지 위치 확인해주세요."
골프 칠 때 2인 플레이 가능한가요?,"2인 부부 팀인데 조인 없이 2인 플레이 보장 가능한지, 추가 비용 발생하는지 확인 부탁드립니다."
온천에 문신 있으면 못 들어가나요?,"료칸 대욕장 이용 시 문신(타투) 제한 규정이 있는지, 가릴 수 있는 패치 붙이면 허용되는지 확인해주세요."
호텔 룸서비스 24시간 되나요?,"호텔 룸서비스 운영 시간 확인 부탁드려요. 심야에도 주문 가능한지요."
패키지 식사에 삼겹살 무제한인가요?,"특식으로 제공되는 삼겹살이 무제한 리필인지, 정량 제공인지 손님들께 정확히 안내해야 해서요."
요트 투어 할 때 멀미약 주나요?,"요트 투어 시 멀미약 제공되는지, 아니면 손님들이 미리 준비하셔야 하는지 알려주세요."
호텔에 세탁기 있나요? 빨래 좀 하려구요,"호텔 내에 코인 세탁실(런드리 룸)이 있는지, 이용 요금은 얼마인지 확인 부탁드려요."
골프장 그늘집에서 한국 음식 파나요?,"그늘집 메뉴에 떡볶이나 라면 같은 한국 음식 판매하는지 확인해주세요."
투어 할 때 많이 걷나요? 다리가 안 좋아서요,"해당 투어 코스 도보 이동량이 많은지, 어르신들이 소화하기에 무리가 없는지 체크 부탁드립니다."
호텔 방에 욕조 있나요? 반신욕 하고 싶은데,"배정된 객실에 욕조가 설치되어 있는지, 샤워 부스만 있는지 확인 부탁드려요."
현지 유심 공항에서 바로 끼워주나요?,"공항 미팅 시 가이드분이 유심 교체 및 세팅까지 도와주시는지 확인해주세요."
골프채 렌탈하면 브랜드가 뭐에요?,"렌탈 클럽 브랜드랑 상태(스펙) 미리 알 수 있을까요? 손님들이 예민하셔서요."
호텔 조식 도시락으로 싸갈 수 있나요?,"이른 티업으로 식당 이용이 어려울 경우 조식 박스(도시락) 포장 가능한지 확인 부탁드려요."
선택관광 비용 달러로만 내야 하나요?,"옵션 투어 비용 지불 시 원화나 현지 화폐 결제도 가능한지, 계좌 이체도 되는지 확인해주세요."
호텔 헬스장 운동복 빌려주나요?,"피트니스 센터 이용 시 운동복이랑 운동화 대여 가능한지, 개별 지참해야 하는지 알려주세요."
가이드님 카톡 아이디 미리 알 수 있나요?,"손님들이 출발 전에 가이드분과 소통 원하시는데 카톡 아이디나 연락처 공유 가능할까요?"
골프장에 드라이빙 레인지 있나요? 몸 좀 풀게,"라운딩 전 연습 가능한 드라이빙 레인지나 연습 그린 있는지 확인 부탁드려요."
호텔 미니바 공짜인가요?,"객실 미니바 음료 및 스낵 무료(컴플리멘터리)인지, 유료인지 정확한 안내 부탁드립니다."
투어 끝나고 공항 가기 전에 씻을 데 있나요?,"마지막 날 투어 종료 후 공항 이동 전에 샤워 가능한 곳 들를 수 있는지 확인해주세요."
현지 식당에 아기 의자 있나요?,"일정에 포함된 식당들에 유아용 하이체어 구비되어 있는지 체크 부탁드려요."
호텔 뷰가 시티뷰에요 오션뷰에요?,"확정된 객실 전망이 시티뷰인지 오션뷰인지, 파셜 오션뷰인지 정확히 확인 부탁드립니다."
골프 칠 때 카트 페어웨이 진입 되나요?,"해당 골프장 카트가 페어웨이 안까지 진입 가능한지, 카트 도로로만 다녀야 하는지 확인해주세요."
호텔에 한국 채널 나오는 TV 있나요?,"객실 TV에서 한국 방송 채널 시청 가능한지 확인 부탁드려요."
투어 중에 화장실 자주 갈 수 있나요?,"이동 중 화장실 이용이 용이한지, 휴게소는 자주 들르는지 어르신들이 걱정하십니다."
호텔 와이파이 무료인가요?,"객실 및 로비 와이파이 무료 이용 가능한지, 접속 비번 따로 있는지 확인해주세요."
골프장 벙커 정리 직접 해야 하나요?,"벙커 정리는 캐디가 해주는지 플레이어가 직접 해야 하는지(노캐디의 경우) 확인 부탁드려요."
호텔에 흡연실 따로 있나요? 방에서는 안되죠?,"객실 내 흡연 절대 불가죠? 호텔 내 지정 흡연 구역 위치 확인 부탁드려요."
투어 차량에 짐 싣고 다녀도 안전한가요?,"투어 중 캐리어를 차량에 보관할 경우 도난 우려 없이 안전한지 기사님께 주의 당부 부탁드려요."
호텔 조식에 김치나 밥 있나요?,"조식 뷔페에 한식 코너나 김치 제공되는지 어르신들 위해 확인 부탁드립니다."
골프장 샤워실에 탕 있나요?,"골프장 락커룸 사우나에 온탕/냉탕 시설 있는지 손님들이 물어보시네요."
호텔 체크아웃 시간 연장 되나요?,"레이트 체크아웃 가능한지, 가능하다면 몇 시까지고 추가 비용은 얼마인지 확인해주세요."
투어 때 배 타면 구명조끼 주나요?,"승선 시 구명조끼 인원수대로 지급되는지, 아동용 사이즈도 있는지 안전 점검 부탁드려요."
호텔에 얼음 기계 있나요?,"층마다 제빙기(아이스 머신) 있는지, 아니면 룸서비스로 요청해야 하는지 확인해주세요."
골프장 근처에 마사지 샵 있나요?,"라운딩 후 바로 갈 수 있는 골프장 근처 마사지 샵 추천 및 예약 가능할까요?"
호텔 방끼리 전화 되나요?,"일행분들 객실 간 내선 통화 가능한지, 방 번호만 누르면 되는지 알려주세요."
투어 식사 메뉴 미리 알 수 있나요?,"일정상 식사 메뉴 리스트 미리 받아볼 수 있을까요? 못 드시는 음식 있는지 체크하려고요."
호텔에 짐 무게 재는 저울 있나요?,"로비에 수하물 무게 측정용 저울 비치되어 있는지 확인 부탁드려요."
골프장 잔디가 양잔디에요?,"골프장 잔디 종류가 양잔디인지 한국 잔디(중지)인지 손님들이 궁금해하십니다."
호텔에서 공항까지 셔틀버스 있나요?,"호텔 자체 공항 셔틀버스 운행하는지, 시간표랑 이용 방법 확인해주세요."
투어 가이드님 한국 사람인가요?,"배정된 가이드분이 한국인인지, 한국어 가능한 현지인인지 정확히 안내 부탁드려요."
성인 4명에 아동 2명인데 견적 좀 뽑아주세요,"성인 4분, 아동 2분(만 5세, 8세) 총 6분 견적 요청하십니다. 아동 요금 적용 여부랑 총액 확인 부탁드려요."
비즈니스석으로 업그레이드하면 얼마 더 내야 해요?,"항공 좌석 비즈니스 클래스로 업그레이드 시 추가 비용 얼마인지 확인 부탁드립니다. 좌석 여유 있는지도 같이 봐주세요."
트윈 베드 말고 더블 베드로 확정해줄 수 있나요?,"부부 여행이라 더블 베드 룸으로 확정 원하시는데 가능할까요? 호텔 측에 개런티 요청 부탁드려요."
골프 칠 때 2인 플레이 하면 추가 요금 있나요?,"2인 라운딩 시 조인 없이 진행하면 카트비나 캐디피 추가되는 부분 있는지 정확한 비용 안내 부탁드립니다."
패키지에 마사지 포함되어 있는 거 맞죠?,"일정표상 전신 마사지 1시간 포함 맞는지, 팁은 별도인지 손님들이 재확인 요청하셨습니다."
현지에서 달러 쓸 수 있나요 아니면 환전해가야 하나요?,"현지 상점이나 식당에서 달러 통용되는지, 아니면 현지 화폐 환전 필수인지 팁 좀 주세요."
호텔 수영장 이용 시간은 어떻게 되나요?,"호텔 수영장 운영 시간(오픈/마감)이랑 수영모 착용 필수인지 확인 부탁드려요."
커넥팅 룸으로 배정 가능한가요? 애들이 있어서요,"가족 여행이라 객실 두 개가 연결된 커넥팅 룸 요청하십니다. 확정은 어렵더라도 리퀘스트 꼭 좀 넣어주세요."
골프채 렌탈 비용이 하루에 얼마에요?,"현지 골프채 렌탈 비용(1일/18홀 기준)이랑 풀세트 구성인지 확인 부탁드립니다."
비행기 수하물 23키로 넘으면 돈 더 내야 하죠?,"위탁 수하물 허용량 23kg 초과 시 kg당 추가 요금 규정 어떻게 되는지 항공사 기준 확인해주세요."
호텔 조식 포함인가요 불포함인가요?,"이번 견적에 호텔 조식 포함 여부 다시 한번 확인 부탁드려요. 불포함이면 추가 비용도 알려주세요."
현지 가이드 팁은 의무인가요?,"가이드/기사 경비 외에 매너 팁은 자율인지, 아니면 관례상 정해진 금액이 있는지 안내 부탁드립니다."
방에서 바다 보이는 오션뷰로 하면 얼마 추가돼요?,"스탠다드 룸에서 오션뷰로 업그레이드 시 박당 추가 요금 견적 부탁드려요."
골프장 티업 시간 오전 8시로 잡아줄 수 있나요?,"라운딩 티오프 시간 오전 8시 전후로 확정 가능한지 골프장 부킹 상황 체크 부탁드립니다."
여행자 보험은 들어주시는 거죠?,"패키지 상품에 여행자 보험 가입 포함되어 있는지, 보장 내역서는 언제 받을 수 있는지 확인해주세요."
공항 픽업 차량은 우리만 타는 건가요?,"공항 미팅 후 호텔 이동 시 단독 차량 이용인지, 다른 팀이랑 조인해서 가는지 손님들이 궁금해하십니다."
호텔에 엑스트라 베드 추가 비용 얼마에요?,"인원 추가로 엑스트라 베드 요청 시 1박당 비용이랑 조식 포함 여부 확인 부탁드려요."
현지 유심칩 미리 사가는 게 낫나요?,"데이터 사용 관련해서 한국에서 유심 사가는 게 나을지 현지 공항에서 구매하는 게 저렴할지 추천해주세요."
골프장 카트비랑 캐디피는 포함인가요?,"상품가에 그린피 외에 카트비, 캐디피도 포함인지 현장 별도 지불인지 정확히 구분해서 알려주세요."
비행기 좌석 미리 지정할 수 있나요?,"항공권 발권 후 사전 좌석 지정 가능한지, 유료 좌석 구매해야 하는지 확인 부탁드립니다."
호텔 근처에 마트나 편의점 있나요?,"투숙 호텔 도보 거리에 이용 가능한 마트나 편의점 위치 확인 부탁드려요."
패키지 일정 중에 쇼핑센터 몇 군데 가나요?,"이번 일정에 쇼핑센터 방문 횟수 정확히 몇 회인지, 품목은 뭔지 손님들께 미리 고지해야 해서요."
현지 전압 220V 쓰나요?,"현지 콘센트 전압 220V 그대로 사용 가능한지, 돼지코(어댑터) 챙겨야 하는지 확인해주세요."
골프장 2인 1카트인가요 4인 1카트인가요?,"카트 운영 방식이 2인 1카트인지 4인 1카트인지, 1인 카트 사용 시 추가금 있는지 알려주세요."
호텔 체크인 시간보다 일찍 들어가도 되나요?,"얼리 체크인 가능한지, 비용 발생한다면 얼마인지 호텔 측에 문의 부탁드립니다."
현지 날씨 비 오면 골프 취소 되나요?,"우천 시 골프 라운딩 취소/환불 규정 어떻게 되는지 미리 안내 부탁드려요."
비행기 기내식 나오나요?,"해당 항공편 기내식 제공 여부랑 키즈밀 신청 가능한지 확인해주세요."
호텔 수영장에 구명조끼 빌려주나요?,"호텔 수영장에서 아동용 구명조끼나 튜브 대여 서비스 있는지 확인 부탁드립니다."
골프장 캐디 팁은 얼마 줘야 해요?,"라운딩 종료 후 캐디 팁은 보통 얼마 정도 주면 적당한지(18홀 기준) 가이드라인 알려주세요."
현지에서 마사지 추가로 더 받을 수 있나요?,"기본 일정 외에 마사지 추가 진행 가능한지, 비용은 현지에서 지불하면 되는지 확인해주세요."
호텔 방에 전자레인지 있나요?,"이유식 때문에 객실 내 전자레인지 필요한데 비치되어 있는지, 로비에서 사용 가능한지 체크 부탁드려요."
공항 샌딩 시간 늦출 수 있나요?,"귀국일 공항 이동 시간을 좀 늦춰서 자유 시간 더 가질 수 있는지 차량 스케줄 확인해주세요."
현지 식당 물 갈아 마셔도 되나요?,"식당에서 제공하는 물 마셔도 배탈 안 나는지, 생수 사 먹어야 하는지 주의사항 안내 부탁드려요."
골프백 항공 커버 없는데 어떻게 해요?,"골프백 항공 커버 필수인지, 공항에서 유상 포장 서비스 이용 가능한지 알려주세요."
호텔 보증금 카드로 결제했다 취소 되나요?,"체크인 시 디파짓 카드 결제 후 취소 처리 기간 얼마나 걸리는지 손님께 안내 부탁드려요."
현지에서 렌트카 빌려서 다녀도 되나요?,"자유 일정 때 렌트카 이용 원하시는데 국제면허증 통용되는지, 기사 포함 렌트가 나은지 조언해주세요."
비행기 탈 때 액체류 얼마나 가져갈 수 있어요?,"기내 반입 액체류 용량 제한(100ml)이랑 위탁 수하물 규정 다시 한번 정리해서 보내주세요."
호텔 조식 메뉴에 한식도 나오나요?,"조식 뷔페에 김치나 밥, 국 같은 한식 메뉴 일부라도 나오는지 어르신들이 궁금해하십니다."
골프장 그늘집 비용 비싼가요?,"그늘집 식음료 대략적인 가격대랑 현금 결제만 가능한지 확인 부탁드려요."
현지 치안 밤에 돌아다녀도 안전한가요?,"호텔 주변 치안 상태 어떤지, 야간에 산책이나 편의점 다녀와도 괜찮은지 알려주세요."
호텔 룸 업그레이드 비용 깎아줄 수 있나요?,"스위트룸 업그레이드 비용 네고 가능한지, 프로모션 적용 안 되는지 호텔 측 확인 부탁드려요."
현지 유심 한국에서 사가는 게 싸요?,"유심 구매 팁 좀 주세요. 한국 인터넷 구매랑 현지 공항 구매 중 어디가 더 저렴하고 데이터 잘 터지나요?"
골프장 주말 티업 시간 잡기 힘든가요?,"주말 라운딩 원하시는데 티오프 시간 확보 가능한지, 대기 걸어야 하는지 상황 알려주세요."
호텔 어메니티 칫솔 치약 주나요?,"요즘 일회용품 줄이기 때문에 칫솔/치약 제공 안 하는 곳 많던데 여기 호텔은 어떤지 확인해주세요."
현지에서 카드 결제 잘 받아주나요?,"로컬 식당이나 마사지 샵에서 신용카드 사용 원활한지, 현금 위주로 준비해야 하는지 알려주세요."
비행기 마일리지 적립 가능한 티켓인가요?,"이번 그룹 항공권 마일리지 적립 가능한 클래스인지, 적립률은 몇 프로인지 확인 부탁드립니다."
호텔 수영장 물 따뜻한가요?,"온수풀 가동되는지, 수온이 아이들 놀기에 적당한지 체크 부탁드려요."
골프장 3인 플레이 하면 조인되나요?,"3인 팀인데 모르는 사람 1명 조인되는지, 아니면 3인끼리만 칠 수 있는지(추가금 여부) 확인해주세요."
현지 기념품 살만한 곳 추천해주세요,"쇼핑 강요 없는 곳으로 현지 특산품이나 기념품 살 만한 쇼핑몰이나 마트 추천 부탁드려요."
호텔 체크아웃 하고 짐 맡길 수 있나요?,"체크아웃 후 투어 전까지 캐리어 호텔에 보관 가능한지 확인 부탁드립니다."
"패키지 말고 자유여행 견적도 봐주시나요?","패키지 상품 외에 에어텔이나 자유여행(FIT) 맞춤 견적도 진행 가능한지 확인 부탁드립니다."
"호텔 조식 뷔페 말고 룸서비스로 먹을 수 있나요?","조식 쿠폰으로 룸서비스 대체 가능한지, 아니면 추가 비용 내고 변경해야 하는지 확인해주세요."
"골프장 카트가 페어웨이 진입 안 되면 너무 힘든데","카트 페어웨이 진입 불가 시 노약자분들 이동 지원 가능한 서비스(도우미 등) 있는지 확인 부탁드려요."
"비행기 좌석 맨 앞자리로 해주세요 다리가 길어서","벌크헤드(맨 앞) 좌석 배정 가능한지, 유료 좌석이라면 비용 얼마인지 확인해서 안내해주세요."
"현지에서 유모차 빌릴 수 있나요? 가져가기 귀찮아서","호텔이나 관광지에서 유모차 대여 서비스 이용 가능한지, 상태는 깨끗한지 체크 부탁드립니다."
"호텔 수영장에 미끄럼틀 있나요? 애들이 좋아해서","투숙 예정인 리조트 수영장에 워터 슬라이드나 키즈 풀 시설 있는지 확인해주세요."
"골프 칠 때 반바지 입으려면 긴 양말 신어야 하나요?","반바지 착용 시 무릎까지 오는 니삭스 필수인지, 발목 양말도 허용되는지 복장 규정 확인 부탁드려요."
"패키지 일정에 쇼핑 3번이나 있던데 다 가야 하나요?","쇼핑센터 방문 의무인지, 원치 않으면 차에서 대기하거나 다른 일정 대체 가능한지 조심스럽게 확인해주세요."
"현지 가이드 팁 달러로 준비해야 하나요?","가이드/기사 경비 지불 시 달러만 받는지, 원화나 현지 화폐도 가능한지 환율 적용 확인 부탁드려요."
"호텔 방에 넷플릭스 나오나요?","객실 스마트 TV로 넷플릭스나 유튜브 시청 가능한지(개인 계정 로그인 필요 여부) 확인해주세요."
"비행기 출발 시간 변경될 수도 있나요?","전세기(차터) 편이라 출발 시간 변동 가능성 있는지, 확정 스케줄 언제 나오는지 안내 부탁드립니다."
"골프장 그늘집 메뉴판 좀 미리 볼 수 있을까요?","그늘집 식사 메뉴랑 가격대 미리 파악하고 싶어 하시는데 메뉴판 사진이나 정보 공유 가능할까요?"
"현지에서 마사지 받을 때 팁 얼마나 줘야 해요?","통상적인 마사지 팁(1시간/2시간 기준) 적정 금액 안내 부탁드려요. 달러/현지 화폐 기준으루요."
"호텔 체크인 할 때 보증금 현금으로 내도 되나요?","디파짓 신용카드 없이 현금(달러/현지 화폐)으로 지불 가능한지, 체크아웃 시 바로 돌려받는지 확인해주세요."
"패키지 식사 메뉴 변경 가능한가요? 해산물 못 먹어서","일정상 포함된 씨푸드 식사를 육류나 다른 메뉴로 대체 가능한지 식당 측과 조율 부탁드립니다."
"현지 유심 데이터 무제한인가요?","공항에서 구매/제공되는 유심이 데이터 무제한 상품인지, 용량 제한 있는지 속도는 어떤지 확인해주세요."
"골프장 락커룸에 사우나 시설 있나요?","라운딩 후 이용할 락커룸에 온탕/냉탕 사우나 시설 완비되어 있는지 손님들이 중요하게 생각하십니다."
"비행기 탈 때 기내식 미리 신청해야 하나요?","LCC 항공편이라 기내식 유료 사전 신청해야 하는지, 현장 주문 가능한 메뉴 있는지 확인해주세요."
"호텔 근처에 야시장 있나요? 밤에 가보게요","호텔에서 도보나 차량으로 이동 가능한 거리에 야시장 있는지, 운영 시간은 어떻게 되는지 알려주세요."
"패키지 포함 내역에 가이드 경비 빠져 있는 거 맞죠?","상품가 외에 현지에서 지불해야 할 가이드/기사 경비(불포함 내역) 정확한 금액 인당 얼마인지 재확인 부탁드려요."
"현지 날씨가 많이 덥나요? 긴팔 필요 없나요?","현재 현지 기온이랑 옷차림 팁 좀 주세요. 실내 에어컨 때문에 얇은 긴팔 필요한지도요."
"골프장 캐디는 1인 1캐디인가요?","캐디 배정 시스템이 1인 1캐디인지, 2인 1캐디인지, 선택 가능한지 확인 부탁드립니다."
"호텔 방에 벌레 나오면 바꿔주나요?","동남아라 벌레 걱정하시는데 방역 상태 어떤지, 문제 발생 시 즉시 룸 체인지 가능한지 확인해주세요."
"비행기 좌석 비상구 쪽으로 배정해줄 수 있나요?","비상구 좌석(엑시트 로우) 사전 배정 가능한지, 현장 카운터에서만 요청 가능한지 확인 부탁드려요."
"현지에서 환전할 때 여권 필요한가요?","사설 환전소나 호텔 환전 시 여권 원본 지참 필수인지 사본도 가능한지 알려주세요."
"호텔 수영장 물 깊이가 얼마나 되나요?","수영장 수심이 성인 가슴 높이 정도인지, 깊은 곳은 얼마나 되는지 안전상 확인 부탁드립니다."
"골프장 티업 시간 10분만 늦출 수 있나요?","이동 시간 고려해서 티오프 시간 10분 정도 뒤로 조정 가능한지 골프장 측 양해 구해주세요."
"패키지 일정 너무 빡빡하지 않게 조정 되나요?","어르신들 동반이라 여유로운 일정 원하시는데, 무리한 옵션이나 쇼핑 제외하고 힐링 위주로 진행 가능한지 봐주세요."
"현지 식당 김치 반입 되나요?","현지 식당 이용 시 개별적으로 가져간 김치나 밑반찬 꺼내 먹어도 되는지(콜키지 프리?) 확인해주세요."
"호텔 방에 다리미판 있나요? 셔츠 다려 입어야 해서","객실 내 다리미 세트 비치 여부 확인 부탁드려요. 없으면 하우스키핑 요청 시 가져다주는지요."
"비행기 연착되면 픽업 기사님 기다려주나요?","항공편 지연 도착 시 픽업 기사님 대기 시간 규정 어떻게 되는지, 추가 비용 없는지 확인해주세요."
"골프장 근처 맛집 추천 좀 해주세요","라운딩 후 점심 식사할 만한 골프장 근처 현지 맛집 리스트업 좀 부탁드립니다."
"호텔 체크아웃 하고 수영장 이용 되나요?","체크아웃 후에도 비행기 시간 전까지 수영장이나 샤워 시설 이용 가능한지 호텔 규정 확인해주세요."
"현지에서 렌트카 기사 포함해서 빌리면 얼마에요?","하루(8시간/10시간) 기준 기사 포함 차량 렌트 비용 견적 부탁드려요. 유류비, 팁 포함인지도요."
"패키지 선택관광 리스트랑 가격 미리 볼 수 있나요?","현지에서 진행 가능한 옵션 투어 종류랑 가격표 미리 공유 부탁드립니다. 예산 짜신다고 하네요."
"호텔 조식 6시부터 먹을 수 있나요? 골프 때문에","조식 오픈 시간이 6시인지 6시 반인지 확인해주세요. 티업 시간 맞추려면 일찍 드셔야 해서요."
"비행기 탈 때 배터리 위탁수하물로 보내면 안 되죠?","보조배터리랑 라이터 위탁 수하물 절대 금지 규정 손님들께 다시 한번 공지용으로 정리해주세요."
"골프장 잔디 상태 요즘 어떤가요?","최근 해당 골프장 페어웨이랑 그린 관리 상태(에어레이션 작업 여부 등) 피드백 좀 주세요."
"호텔 방음 잘 되나요? 잠귀가 밝아서","투숙 호텔 방음 컨디션 어떤지, 가능하다면 엘리베이터랑 먼 조용한 방으로 배정 요청 부탁드려요."
"현지 병원 갈 일 생기면 가이드가 도와주나요?","응급 상황 발생 시 가이드분이 병원 동행 및 통역 지원 가능한지 안전 매뉴얼 확인해주세요."
"패키지 쇼핑 물건 안 사도 눈치 안 주나요?","쇼핑 강매 절대 없어야 한다고 신신당부하십니다. 가이드분께 부담 주지 말라고 꼭 좀 전해주세요."
"호텔 와이파이 도시락보다 빠른가요?","호텔 와이파이 속도가 업무 볼 정도로 안정적인지, 아니면 포켓 와이파이(도시락) 따로 챙겨가는 게 나을지 조언해주세요."
"골프장 캐디 지정 가능한가요? 잘하는 사람으로","경기 진행 매끄럽고 라이 잘 보는 베테랑 캐디로 지정 배정 가능한지(지정비 별도?) 확인 부탁드려요."
"비행기 좌석 등받이 고장 나면 바꿔주나요?","기내 좌석 모니터나 등받이 불량 시 승무원에게 요청하면 자리 이동 가능한지 여쭤보시네요."
"현지 과일 칼 기내 반입 안 되죠?","과도 위탁 수하물로만 가능한 거 맞죠? 기내 들고 타다가 걸리면 뺏기니까 주의사항 알려주세요."
"호텔 룸서비스 메뉴판 한국어 있나요?","룸서비스 메뉴판에 한국어 표기나 사진 있는지, 주문할 때 언어 소통 문제없을지 확인해주세요."
"골프장 샤워실 드라이기 바람 쎈가요?","사우나 파우더룸 드라이기 풍량 약하면 개인 드라이기 챙겨가신다는데 어떤지 알 수 있을까요?"
"패키지 일정표랑 실제 진행이랑 많이 다른가요?","현지 사정에 따라 일정 순서 변경될 수 있는지, 빠지는 일정 없이 다 진행되는지 확답 부탁드려요."
"현지에서 한국 소주 파나요? 비싼가요?","현지 식당이나 마트에서 소주 판매 가격대가 대략 얼마인지, 팩소주 챙겨가는 게 이득인지 알려주세요."
"호텔 수영장 타월 무료로 주나요?","수영장 이용 시 비치 타월 무료 대여인지, 객실 타월 가져가야 하는지 이용 수칙 확인 부탁드립니다."
"호텔 조식 포함된 패키지인가요? 아동도 무료인가요?","이번 견적에 호텔 조식 포함 여부랑 아동(만 6세) 조식 비용 별도인지 확인 부탁드려요."
"골프장 카트비랑 캐디피는 현장 지불인가요?","상품가 외에 현지에서 지불해야 할 카트비, 캐디피 정확한 금액(18홀 기준) 안내 부탁드립니다."
"비행기 좌석 맨 앞자리로 지정 가능한가요?","항공권 발권 시 벌크헤드(맨 앞) 좌석 배정 가능한지, 유료라면 얼마인지 확인해주세요."
"패키지 일정에 쇼핑센터 몇 군데 가나요?","이번 일정에 쇼핑센터 방문 횟수 정확히 몇 회인지, 어떤 품목 파는 곳인지 미리 알려주세요."
"현지 가이드 팁은 얼마 정도 준비하면 되나요?","가이드/기사 경비 외에 매너 팁은 보통 얼마 정도 주는지(달러/현지 화폐) 가이드라인 부탁드려요."
"호텔 수영장 이용 시간은 어떻게 되나요?","호텔 수영장 오픈/마감 시간이랑 수영모 착용 필수인지 확인해서 알려주세요."
"골프 칠 때 2인 플레이 보장되나요?","2인 부부 팀인데 조인 없이 2인 플레이 확정 가능한지, 추가 비용 발생하는지 확인 부탁드립니다."
"여행자 보험 보장 내역 좀 보내주세요","패키지 포함된 여행자 보험 보장 한도(상해/질병)랑 약관 파일로 받아볼 수 있을까요?"
"현지 전압 220V 그대로 쓰면 되나요?","현지 콘센트 모양이랑 전압 한국이랑 같은지, 돼지코(어댑터) 챙겨야 하는지 확인해주세요."
"비행기 기내식 나오나요? 키즈밀 신청 되나요?","해당 항공편 기내식 제공 여부랑 아동용 기내식(키즈밀) 사전 신청 방법 알려주세요."
"호텔 방에 엑스트라 베드 추가하면 얼마에요?","인원 추가로 엑스트라 베드 넣을 경우 1박당 추가 요금이랑 조식 포함 여부 견적 부탁드려요."
"공항 픽업 차량은 우리끼리만 타나요?","공항 미팅 후 호텔 이동 시 단독 차량 배정인지, 다른 팀이랑 합승인지 확인해주세요."
"현지 유심칩 공항에서 살 수 있나요?","현지 공항 도착해서 유심 구매 가능한지, 아니면 한국에서 미리 사가는 게 나을지 추천해주세요."
"골프채 렌탈 비용은 하루에 얼마인가요?","현지 골프채 렌탈 비용(1일/18홀 기준)이랑 보유 클럽 상태 어떤지 확인 부탁드립니다."
"호텔 근처에 편의점이나 마트 있나요?","투숙 호텔에서 도보로 갈 수 있는 편의점이나 대형 마트 위치 확인해주세요."
"패키지 식사 메뉴 변경 가능한가요?","일정상 포함된 식사 중 현지식 못 드시는 분이 계셔서 한식으로 변경 가능한지 조율 부탁드려요."
"현지 날씨 비 오면 골프 취소 환불 되나요?","우천 시 골프 라운딩 취소 규정(환불/대체 일정) 어떻게 되는지 미리 안내 부탁드립니다."
"비행기 수하물 무게 제한이 몇 키로에요?","위탁 수하물 허용량(23kg?)이랑 골프백 합산 규정 정확히 확인해서 알려주세요."
"호텔 체크인 시간보다 일찍 들어갈 수 있나요?","도착 시간이 일러서 얼리 체크인 가능한지, 비용 발생한다면 얼마인지 호텔에 문의 부탁드려요."
"선택관광 리스트랑 가격표 미리 볼 수 있나요?","현지에서 진행하는 옵션 투어 종류랑 가격대 미리 파악하고 싶어 하시는데 자료 공유 가능할까요?"
"현지 환전은 달러로 가져가서 하는 게 좋나요?","환전 팁 좀 주세요. 한국에서 달러로 바꿔가서 현지 화폐로 바꾸는 게 유리한가요?"
"골프장 티업 시간 오전으로 잡아줄 수 있나요?","라운딩 티오프 시간 오전 8시 전후로 확정 가능한지 골프장 부킹 상황 체크 부탁드립니다."
"호텔 방에서 바다 보이는 뷰로 하면 비싼가요?","오션뷰 객실로 업그레이드 시 박당 추가 요금 견적 부탁드려요."
"패키지 일정 너무 빡빡하지 않게 조정 되나요?","어르신들 모시고 가는 거라 여유로운 일정 원하시는데, 쇼핑 좀 줄이고 휴식 시간 늘릴 수 있을까요?"
"현지 식당 물 갈아 마셔도 안전한가요?","식당에서 주는 물 마셔도 배탈 안 나는지, 생수 사 먹어야 하는지 주의사항 알려주세요."
"비행기 마일리지 적립 되는 티켓인가요?","이번 그룹 항공권 마일리지 적립 가능한 클래스인지, 적립률은 어떻게 되는지 확인 부탁드립니다."
"호텔 어메니티 칫솔 치약 제공 되나요?","객실 비품에 칫솔, 치약 포함되어 있는지 아니면 개별 준비해야 하는지 확인해주세요."
"골프장 그늘집 비용은 얼마나 나오나요?","그늘집 식음료 대략적인 가격대랑 현금 결제만 가능한지 미리 알고 싶어 하십니다."
"현지 치안 밤에 돌아다녀도 괜찮나요?","호텔 주변 치안 상태 어떤지, 야간에 산책이나 편의점 다녀와도 안전한지 알려주세요."
"호텔 룸서비스 24시간 이용 가능한가요?","심야에 배고플 때 룸서비스 주문 가능한지 운영 시간 확인 부탁드려요."
"패키지 포함된 마사지 팁은 별도인가요?","일정에 포함된 전신 마사지 팁은 불포함인지, 얼마 정도 줘야 하는지 안내 부탁드립니다."
"현지 유심 데이터 무제한 상품인가요?","공항에서 제공해주시는 유심이 데이터 무제한인지, 용량 제한 있는지 속도는 어떤지 확인해주세요."
"골프장 락커룸에 사우나 시설 있나요?","라운딩 후 씻을 때 온탕/냉탕 사우나 이용 가능한지 손님들이 궁금해하십니다."
"비행기 탈 때 액체류 반입 규정 알려주세요","기내 반입 액체류 용량 제한(100ml)이랑 위탁 수하물 규정 다시 한번 정리해서 보내주세요."
"호텔 조식 메뉴에 한식도 나오나요?","조식 뷔페에 김치나 밥, 국 같은 한식 메뉴 일부라도 나오는지 어르신들이 물어보시네요."
"공항 샌딩 시간 늦출 수 있나요?","귀국일 공항 이동 시간을 좀 늦춰서 자유 시간 더 가질 수 있는지 차량 스케줄 확인해주세요."
"현지에서 렌트카 기사 포함해서 빌릴 수 있나요?","하루 정도 기사 포함 차량 렌트해서 자유 일정 보내고 싶어 하시는데 견적 부탁드려요."
"호텔 수영장에 구명조끼나 튜브 있나요?","호텔 수영장에서 아동용 구명조끼나 튜브 무료 대여 가능한지 확인해주세요."
"골프장 캐디는 1인 1캐디인가요?","캐디 배정 시스템이 1인 1캐디인지, 2인 1캐디인지, 선택 가능한지 확인 부탁드립니다."
"비행기 좌석 비상구 쪽으로 배정 가능한가요?","다리가 불편하셔서 비상구 좌석(엑시트 로우) 원하시는데 사전 배정 가능한지 확인해주세요."
"현지 과일 칼 기내 반입 안 되죠?","과도 위탁 수하물로만 가능한 거 맞죠? 기내 들고 타다가 걸리면 뺏기니까 주의사항 알려주세요."
"호텔 룸서비스 메뉴판 한국어 있나요?","룸서비스 메뉴판에 한국어 표기나 사진 있는지, 주문할 때 언어 소통 문제없을지 확인해주세요."
"골프장 샤워실 드라이기 바람 쎈가요?","사우나 파우더룸 드라이기 풍량 약하면 개인 드라이기 챙겨가신다는데 어떤지 알 수 있을까요?"
"패키지 일정표랑 실제 진행이랑 많이 다른가요?","현지 사정에 따라 일정 순서 변경될 수 있는지, 빠지는 일정 없이 다 진행되는지 확답 부탁드려요."
"현지에서 한국 소주 파나요? 비싼가요?","현지 식당이나 마트에서 소주 판매 가격대가 대략 얼마인지, 팩소주 챙겨가는 게 이득인지 알려주세요."
"호텔 수영장 타월 무료로 주나요?","수영장 이용 시 비치 타월 무료 대여인지, 객실 타월 가져가야 하는지 이용 수칙 확인 부탁드립니다."
"비행기 출발 시간 변경될 수도 있나요?","전세기(차터) 편이라 출발 시간 변동 가능성 있는지, 확정 스케줄 언제 나오는지 안내 부탁드립니다."
"골프장 그늘집 메뉴판 좀 미리 볼 수 있을까요?","그늘집 식사 메뉴랑 가격대 미리 파악하고 싶어 하시는데 메뉴판 사진이나 정보 공유 가능할까요?"
"현지에서 마사지 받을 때 팁 얼마나 줘야 해요?","통상적인 마사지 팁(1시간/2시간 기준) 적정 금액 안내 부탁드려요. 달러/현지 화폐 기준으루요."
"호텔 체크인 할 때 보증금 현금으로 내도 되나요?","디파짓 신용카드 없이 현금(달러/현지 화폐)으로 지불 가능한지, 체크아웃 시 바로 돌려받는지 확인해주세요."
"패키지 말고 자유여행 견적도 봐주시나요?","패키지 상품 외에 에어텔이나 자유여행(FIT) 맞춤 견적도 진행 가능한지 확인 부탁드립니다."
"호텔 조식 뷔페 말고 룸서비스로 먹을 수 있나요?","조식 쿠폰으로 룸서비스 대체 가능한지, 아니면 추가 비용 내고 변경해야 하는지 확인해주세요."
"골프장 카트가 페어웨이 진입 안 되면 너무 힘든데","카트 페어웨이 진입 불가 시 노약자분들 이동 지원 가능한 서비스(도우미 등) 있는지 확인 부탁드려요."
"비행기 좌석 등받이 뒤로 젖혀도 되나요?","기내 에티켓 관련해서 식사 시간 외에 등받이 조절 자유로운지, 뒷사람 배려 멘트도 같이 해주시면 좋을 것 같아요."
"현지에서 유모차 빌릴 수 있나요? 가져가기 귀찮아서","호텔이나 관광지에서 유모차 대여 서비스 이용 가능한지, 상태는 깨끗한지 체크 부탁드립니다."
"호텔 수영장에 미끄럼틀 있나요? 애들이 좋아해서","투숙 예정인 리조트 수영장에 워터 슬라이드나 키즈 풀 시설 있는지 확인해주세요."
"골프 칠 때 반바지 입으려면 긴 양말 신어야 하나요?","반바지 착용 시 무릎까지 오는 니삭스 필수인지, 발목 양말도 허용되는지 복장 규정 확인 부탁드려요."
"패키지 일정에 쇼핑 3번이나 있던데 다 가야 하나요?","쇼핑센터 방문 의무인지, 원치 않으면 차에서 대기하거나 다른 일정 대체 가능한지 조심스럽게 확인해주세요."
"현지 가이드 팁 달러로 준비해야 하나요?","가이드/기사 경비 지불 시 달러만 받는지, 원화나 현지 화폐도 가능한지 환율 적용 확인 부탁드려요."
"호텔 방에 넷플릭스 나오나요?","객실 스마트 TV로 넷플릭스나 유튜브 시청 가능한지(개인 계정 로그인 필요 여부) 확인해주세요."
"비행기 탈 때 신발 벗고 타나요?","농담이시겠지만...^^; 비행기 처음 타시는 어르신들이라 탑승 절차나 기내 에티켓 간단히 정리된 자료 있으면 좋을 것 같아요."
"현지 화장실 깨끗한가요? 휴지 챙겨가야 하나요?","관광지 공중화장실 위생 상태 어떤가요? 개인 휴지나 물티슈 챙겨 다니는 게 필수인지 알려주세요."
"물갈이 심한데 주의할 점 있나요?","물갈이 예민하신 분들 식수나 양치할 때 생수 사용해야 하는지, 얼음 먹지 말아야 하는지 등 주의사항 안내 부탁드려요."
"현지에서 한국 방송 나오나요?","호텔 TV에서 YTN이나 아리랑TV 같은 한국 채널 시청 가능한지 어르신들이 궁금해하십니다."
"비행기 좌석 간격 넓은 자리로 살 수 있나요?","비상구 좌석이나 앞열 좌석 유료 구매 가능한지, 비용은 얼마고 신청 어떻게 하는지 확인해주세요."
"현지에서 카드 쓰면 수수료 많이 나오나요?","해외 카드 결제 시 수수료율이랑 DCC(자국 통화 결제) 차단 설정 필요성 안내 부탁드려요."
"호텔에 한국 직원 있나요?","투숙하시는 호텔에 한국인 직원 상주하는지, 아니면 한국어 가능한 현지 직원 있는지 확인해주세요."
"현지 날씨가 습한가요?","기온도 중요하지만 습도가 높은지 건조한지 알아야 옷 챙기기 수월할 것 같아요. 불쾌지수 높은 편인가요?"
"우비 챙겨가는 게 낫나요 우산이 낫나요?","우기 시즌이라는데 활동하기에 우비가 편할지 접이식 우산이 나을지 현지 상황에 맞춰 추천 부탁드려요."
"현지에서 택시 타면 바가지 안 쓰나요?","일반 택시 이용 시 미터기 켜달라고 해야 하는지, 아니면 흥정해야 하는지 택시 이용 팁 좀 알려주세요."
"호텔 조식에 김치 나오나요?","어르신들 식사 때문에 조식 뷔페에 김치나 한식 메뉴 일부 제공되는지 확인 부탁드립니다."
"현지 유심 사면 카톡 그대로 쓸 수 있나요?","유심 바꿔도 카카오톡 친구 목록이나 대화 내용 그대로 유지되는지 손님들이 헷갈려하셔서 정확한 안내 부탁드려요."
"비행기 탈 때 귀가 먹먹한데 어떻게 해요?","기압 차 때문에 귀 통증 호소하시는 분들 위한 팁(껌 씹기, 귀마개 등)이나 상비약 추천해주실 수 있나요?"
"현지 과일 한국으로 가져올 수 있나요?","망고나 열대과일 너무 맛있어서 사오고 싶어 하실 텐데, 생과일 국내 반입 절대 불가한 점 미리 강력하게 공지 부탁드려요."
"호텔 수영장 수심이 깊나요?","수영장 깊이가 성인/아동용 구분되어 있는지, 구명조끼 대여 가능한지 안전 관련 정보 확인해주세요."
"현지에서 컵라면 먹어도 되나요?","호텔 객실에서 컵라면 취식 가능한지(냄새 때문에 금지하는 곳도 있어서), 커피포트 위생 상태는 괜찮은지 체크 부탁드려요."
"비행기 담요 주나요?","저가 항공사 이용 시 담요 유상 제공인지 무상인지 확인해서 겉옷 챙기시라고 안내해야 할 것 같아요."
"현지 마사지 팁은 마사지 전에 주나요 후에 주나요?","마사지 팁 주는 타이밍이랑 매너 팁 봉투 준비해가면 좋은지 소소한 팁 문화 알려주세요."
"공항 면세점 몇 시에 문 여나요?","이른 아침 출발인데 공항 면세점 오픈 시간 확인해서 쇼핑 가능한지 손님들께 알려드려야 해요."
"현지에서 한국 돈 환전 되나요?","급할 때 한국 돈 1만원, 5만원권도 현지 환전소나 가이드 통해서 환전 가능한지 비상금 관련 안내 부탁드려요."
"호텔에 칫솔 치약 있나요?","요즘 환경 보호 때문에 일회용품 제공 안 하는 호텔이 많아서요. 칫솔/치약 꼭 챙겨가야 하는지 확인해주세요."
"현지 인터넷 속도 빠른가요?","호텔이나 식당 와이파이 속도가 한국만큼 빠른지, 아니면 답답할 수 있으니 데이터 넉넉히 준비해야 하는지 알려주세요."
"비행기 탈 때 신발에 쇠붙이 있으면 삑 소리 나나요?","보안 검색대 통과할 때 신발이나 벨트 때문에 걸리는 경우 있는지, 편한 복장 추천 멘트 부탁드려요."
"현지에서 소매치기 조심해야 하나요?","관광지 소매치기 유형(오토바이 날치기 등)이랑 예방법, 가방 앞으로 메기 등 안전 수칙 공유 부탁드립니다."
"호텔에 다리미 있나요?","구겨진 옷 다려 입으셔야 한다는데 객실 내 다리미/다리미판 비치돼 있는지 대여해야 하는지 확인해주세요."
